-16269581.8907414,1128.80079334962,0
-16176933.3066555,1130.21792077287,0
-16054845.9250046,1134.14544675097,0
-15941167.8934796,1141.10348014601,0
-15824198.4609209,1153.02704486591,0
-15704139.0671179,1172.1979161077,0
-15585440.8454841,1200.63534297246,0
-15460970.5159461,1244.61886824413,0
-15339435.4255017,1307.85479895699,0
-15223836.707723,1396.62489990763,0
-15115364.9324172,1521.7087351468,0
-15015775.953891,1699.29194564817,0
-14919873.2150912,1975.46101184047,0
-14844536.4997891,2314.54836699256,0
-14746488.0065011,2957.69752181005,0
-14614502.2315681,4074.28587679147,0
-14420361.5537374,5989.06854865697,0
-14189925.0513376,8562.36710525749,0
-13787972.3480668,13268.67521161,0
-12956889.1979503,21880.7368420005,0
-11163751.6805259,37079.4736934759,0
-7159521.0485159,63635.6654029388,0
-2538093.78712595,76446.4695350518,0
-344708.564227313,54784.0632237126,0
-27807.0102400405,35149.6173728039,0
0,35149.6173728039,0
0,35149.444218996,0
0,35148.4920047367,0
0,35146.7610244178,0
0,35134.0747661952,0
0,35119.4986191204,0
0,35098.8288024462,0
0,35078.2013937577,0
0,35050.1382432475,0
0,35022.151824396,0
0,34985.2353936634,0
0,34939.485892411,0
0,34847.7150813454,0
0,34755.8945580852,0
0,34664.9097059919,0
0,34502.7758286406,0
0,34343.2948368132,0
0,33799.7957793446,0
0,33287.0857172101,0
0,32573.2207669248,0
0,31612.6273675537,0
0,30715.8455489237,0
0,29935.61826974,0
0,29801.5623492547,0
0,29714.1055183042,0
31138.9530044985,0,0
30399.6777134607,0,0
25991.7357869433,0,0
22893.9878274082,0,0
22797.5476108737,0,0
22737.1118545086,0,0
22692.0460349609,0,0
22627.0090580382,0,0
22571.3771989124,0,0
22503.5334305106,0,0
22435.2953283831,0,0
22365.6958260668,0,0
22274.9187656017,0,0
22212.625587077,0,0
22125.5544536186,0,0
22051.3214304019,0,0
21985.5296783888,0,0
21920.6678766557,0,0
21860.4356874635,0,0
21791.8882224748,0,0
21725.5519698982,0,0
21648.6108493594,0,0
21581.9268579901,0,0
21507.9471762296,0,0
21435.3077239658,0,0
21435.3077239658,-35406.191373371,0
21439.7504717306,-35387.7152888686,0
21530.4377100568,-35334.7017486111,0
21818.8608082983,-35273.8045068169,0
22079.9007332903,-35265.2671564252,0
22300.0080989247,-35286.2128497901,0
22456.4420276661,-35286.2353703658,0
22525.6670330995,-35286.2157326976,0
22617.4545054624,-35286.1896163322,0
22717.7500996661,-35286.161078457,0
22806.062230192,-35286.1359509629,0
22882.5103642893,-35286.1141968756,0
22957.537027851,-35286.0928496191,0
23039.8304357131,-35286.0694336507,0
23115.0729060766,-35286.048025017,0
23187.8046348191,-35286.0273294776,0
23264.731375048,-35286.0054411535,0
23332.1515928001,-35285.9862599339,0
23408.3001249895,-35285.9645924112,0
23494.4697662187,-35285.9400725418,0
23575.7627199082,-35285.9169434644,0
23647.9044336521,-35285.8964166382,0
23720.6453907882,-35285.8757199853,0
23797.4005544406,-35285.8538817567,0
23866.4720477376,-35285.8342284547,0
23866.4720477376,-16172674.0213751,0
23869.1943653157,-16062162.0355405,0
23875.5250875659,-15931275.2822846,0
23887.8576306518,-15796449.7844654,0
23909.8526700985,-15655526.0196915,0
23948.7116247277,-15503442.436737,0
24020.6202555849,-15333823.6630885,0
24134.3221309148,-15175141.5299679,0
24311.1444797683,-15031938.1076894,0
24590.9573709472,-14906070.4934072,0
25027.6289514739,-14798136.3271432,0
25697.2361357814,-14695425.2318155,0
27074.6482888483,-14536468.3421316,0
29363.0925107764,-14312151.5412191,0
32568.17684691,-14031359.5070248,0
37879.218986397,-13565750.8059176,0
49490.4141075003,-12358996.45482,0
71232.1466961269,-9519122.64153931,0
96902.8976708623,-4109481.57334516,0
90616.4434823067,-1264006.69540358,0
84033.2058539732,-745274.539427275,0
76996.1719847537,-420437.898530144,0
68032.3704747451,-179356.803634533,0
59898.5838309114,-61810.4324932188,0
55404.7877362409,-26193.4347426892,0
55404.7877362409,0,0
55404.6878008408,0,0
55404.1382071362,0,0
55403.1390741916,0,0
55397.8315900569,0,0
55392.5276529299,0,0
55372.8963416575,0,0
55359.8333264798,0,0
55338.1738021883,0,0
55316.5661226574,0,0
55289.1496019756,0,0
55255.9771757416,0,0
55222.9264254735,0,0
55163.9053899069,0,0
55105.2722385925,0,0
54999.3972865527,0,0
54847.9826459098,0,0
54699.1842603725,0,0
54209.2268099207,0,0
53741.2010162707,0,0
53155.5975899366,0,0
52615.4912120021,0,0
51689.087962274,0,0
50895.79087229,0,0
50418.6994868441,0,0
0,96173.9335499193,0
0,93792.9475010015,0
0,82647.017835968,0
0,54389.8081828695,0
0,48039.2222333678,0
0,45835.5919847286,0
0,44828.9473191997,0
0,44706.440487142,0
0,44542.6432162131,0
0,44380.339240563,0
0,44203.2516733492,0
0,44072.3943456857,0
0,43963.3377000492,0
0,43860.63071202,0
0,43733.174090665,0
0,43611.8714124553,0
0,43495.1647199291,0
0,43361.2763240436,0
0,43255.8992393931,0
0,43127.5105920469,0
0,43003.6211161815,0
0,42886.480181071,0
0,42754.7756917107,0
0,42630.8058558915,0
0,42480.5589572967,0
-35475.3047717424,42480.5589572967,0
-35444.7517832842,42491.745331289,0
-35303.7683947955,42823.8792260291,0
-35280.4680564158,42757.8045566305,0
-35280.4864913364,42692.2734097653,0
-35280.4983882797,42650.2406712954,0
-35280.5100478113,42609.0477977411,0
-35280.5211406247,42569.8609260942,0
-35280.532817832,42528.6107435326,0
-35280.5445864207,42487.0346975974,0
-35280.557814248,42440.3032599767,0
-35280.5708871338,42394.1194499869,0
-35280.5830764301,42351.0621818244,0
-35280.59435376,42311.220978256,0
-35280.6056335574,42271.3698058115,0
-35280.6153528609,42237.038340205,0
-35280.6273903196,42194.5182484277,0
-35280.6385111457,42155.2230446464,0
-35280.6514954588,42109.3554453422,0
-35280.6646966306,42062.7069655129,0
-35280.6772862865,42018.2388762485,0
-35280.6880778917,41980.1139828589,0
-35280.6999762697,41938.0794167013,0
-35280.7128442324,41892.6189739764,0
-35280.7261975472,41845.4538970799,0
-16170332.8405425,41845.4538970799,0
-16059045.6072379,41848.2029693244,0
-15927294.7950467,41854.5920615192,0
-15791353.2463183,41867.0580232634,0
-15649331.1968294,41889.3005976986,0
-15496131.4223227,41928.6109432723,0
-15346511.443992,41990.1472112185,0
-15216439.930419,42073.0945451011,0
-15072936.1484166,42220.1363518168,0
-14936560.7713498,42467.6235079881,0
-14820316.4675616,42860.2434883501,0
-14714239.0743627,43477.494417886,0
-14579610.0970425,44576.4790688691,0
-14377734.634599,46544.1041012533,0
-14113862.0030075,49477.5112815042,0
-13690780.7581157,54389.8313231379,0
-12813454.3338114,63365.6655719671,0
-10173851.3933412,84724.9749169309,0
-5995403.68178038,109259.764014847,0
-2721847.05037533,115745.273280137,0
-1262410.0832521,108925.289891612,0
-540999.85827668,98292.5580276562,0
-152843.570977676,84944.4339762465,0
-57546.9142321895,77669.5416914129,0
-26735.9388100948,73583.2582656756,0
0,73583.2582656756,0
0,73583.1044326577,0
0,73581.566316477,0
0,73572.4299290732,0
0,73554.2502730742,0
0,73531.5938971569,0
0,73497.1329478351,0
0,73456.2523033187,0
0,73402.5281095473,0
0,73319.4678668815,0
0,73222.5090368664,0
0,72915.5863986063,0
0,72677.1283436288,0
0,72623.5430625738,0
0,72490.6592452076,0
0,72316.7735779418,0
0,72138.3292991693,0
0,71545.3807427159,0
0,70816.1241066099,0
0,70412.5321177877,0
0,70135.8656004899,0
0,69757.4339512771,0
0,69435.93664634,0
0,68842.1978900729,0
0,68535.9528519395,0
101038.28147809,0,0
98394.6282612698,0,0
72180.1553067624,0,0
63858.5660285445,0,0
62706.839028866,0,0
62519.6472752644,0,0
62300.6822603251,0,0
62046.3936024067,0,0
61836.9048813761,0,0
61628.1299759889,0,0
61474.1170550654,0,0
61326.6487865182,0,0
61146.7739948867,0,0
60990.4086322524,0,0
60840.2556023407,0,0
60637.9287864553,0,0
60443.4803021448,0,0
60224.3604730363,0,0
60072.5660215706,0,0
59926.69107762,0,0
59738.7323552523,0,0
59564.6419291956,0,0
59408.6126820278,0,0
59227.5410888076,0,0
59062.3163884376,0,0
59062.3163884376,-35470.6476298987,0
59091.5028734546,-35422.1729647572,0
59220.1294476159,-35276.0540733196,0
58891.6224979266,-35275.893491583,0
58758.1135905706,-35275.9311949378,0
58599.1328987449,-35275.9761497805,0
58487.0707549776,-35276.0078538286,0
58325.1829589591,-35276.0536440006,0
58168.9240821648,-35276.0978494151,0
58037.4811996737,-35276.1350330952,0
57913.7228177146,-35276.1700421492,0
57780.5166156562,-35276.2077251405,0
57636.6954252899,-35276.2484106972,0
57517.2954370938,-35276.2821880792,0
57385.2978833055,-35276.3195317002,0
57244.1538328169,-35276.3594696179,0
57109.5026920785,-35276.3975574231,0
56952.038915236,-35276.4421068881,0
56802.9359197229,-35276.4842912598,0
56663.7083096429,-35276.5236823231,0
56525.3856475699,-35276.562817338,0
56373.5789535254,-35276.6057712398,0
56236.7125243348,-35276.6444943532,0
56092.9183543348,-35276.6851820048,0
55943.8588235108,-35276.7273572353,0
55943.8588235108,-16168500.0387329,0
55946.628804069,-16056610.0204158,0
55953.064983306,-15924187.9219864,0
55965.6473477076,-15787375.263339,0
55988.0946066969,-15644496.9009544,0
56027.7643748952,-15490426.980468,0
56089.9862964304,-15339804.8713111,0
56191.7975587653,-15187133.6908503,0
56361.4749353662,-15037540.502586,0
56630.9141740329,-14906183.2494348,0
57055.4766191111,-14793949.5613819,0
57724.2086660757,-14687484.641901,0
59299.0445499245,-14505354.5380169,0
61641.8179913694,-14277307.1390164,0
65040.3691737179,-13981818.1406476,0
70801.6440843056,-13476041.2574928,0
81126.2110568958,-12409571.6291128,0
104371.558417863,-9387446.25917021,0
128700.111555754,-4424617.27450727,0
123765.635281861,-1336477.06697587,0
116148.255643884,-723644.849172858,0
108951.862028199,-402543.691035941,0
97869.7832822595,-132813.932354738,0
92081.7422138308,-61952.2856060472,0
87983.8438194674,-29538.7590175748,0
87983.8438194674,0,0
87983.7628156525,0,0
87982.9094069317,0,0
87980.4343697358,0,0
87976.2978680145,0,0
87969.4389400955,0,0
87955.0822284473,0,0
87940.8382456005,0,0
87921.9401358853,0,0
87893.6639058937,0,0
87863.5696350944,0,0
87833.5709271705,0,0
87774.4360192603,0,0
87716.2457312599,0,0
87658.416783892,0,0
87567.6744384102,0,0
87384.2705622494,0,0
87173.5662925213,0,0
86880.3360227685,0,0
86220.6478917469,0,0
85735.7579340944,0,0
85105.7083779227,0,0
84373.0175746477,0,0
83319.7121694969,0,0
82804.2739904295,0,0
0,166929.676038091,0
0,162145.848096261,0
0,100350.057368932,0
0,78501.8036134289,0
0,76542.4407774299,0
0,75708.6511196484,0
0,75434.0180990999,0
0,75200.4954619153,0
0,74950.4953107725,0
0,74668.7111265285,0
0,74322.8114234941,0
0,74122.5774627523,0
0,73911.2772927297,0
0,73734.4149875005,0
0,73586.5122046301,0
0,73378.7293048688,0
0,73171.3093609396,0
0,72991.46221241,0
0,72836.1802605123,0
0,72630.5956776534,0
0,72486.6195376573,0
0,72331.6722562304,0
0,72181.4524797568,0
0,72021.1076901612,0
0,71854.8858593633,0
-35466.7196914903,71854.8858593633,0
-35403.3235931136,71900.7364265887,0
-35272.3029118426,71599.0228107418,0
-35272.394958078,71248.9622553555,0
-35272.4491629246,71056.8665791312,0
-35272.5124667179,70832.7524251491,0
-35272.5665186584,70641.4339635996,0
-35272.631355741,70411.9419708227,0
-35272.6843383746,70224.4272497285,0
-35272.7415257492,70022.0251322793,0
-35272.8060881718,69793.5183788238,0
-35272.8587461084,69607.1642192022,0
-35272.9196056042,69391.7749220405,0
-35272.9839184666,69164.1837288137,0
-35273.0401458876,68965.2099113298,0
-35273.1007601805,68750.7023153874,0
-35273.1624191569,68532.5250681247,0
-35273.221792678,68322.4276541764,0
-35273.2799537132,68116.6381864805,0
-35273.3496688511,67869.941029639,0
-35273.4102238721,67655.7039626823,0
-35273.4716381384,67438.4016883259,0
-35273.5323250061,67223.6792393742,0
-35273.5936580547,67006.6852750779,0
-35273.6575819462,66780.5377074586,0
-16167093.058392,66780.5377074586,0
-16054742.7279422,66783.3236184006,0
-15921808.3304398,66789.7945168959,0
-15784328.4705189,66802.4613433536,0
-15640794.8009024,66825.0617585343,0
-15486059.0528394,66865.0063207703,0
-15334666.8240551,66927.7578482369,0
-15181443.3293012,67030.3911598014,0
-15031264.6190533,67201.7650379693,0
-14899637.0601358,67473.9188157779,0
-14787151.68623,67903.1146796974,0
-14679952.0983349,68580.749548753,0
-14534163.5449897,69817.3346662505,0
-14351225.3665594,71625.885531676,0
-14080864.6155513,74649.4443530753,0
-13645429.099952,79719.4340511801,0
-12751152.9661071,88855.3729658864,0
-10078910.8591107,110451.221268361,0
-5714352.40501901,135536.751141598,0
-1395194.22544092,135250.205891103,0
-727688.798969338,127202.596138033,0
-275555.316988481,115726.927499822,0
-136504.01536144,108998.980960311,0
-53601.1091672743,102065.251613424,0
-29838.8733718073,98917.3849316034,0
0,98917.3849316034,0
0,98917.2942853888,0
0,98916.7957789505,0
0,98915.8894955064,0
0,98908.7432667813,0
0,98900.4950557443,0
0,98888.7717203823,0
0,98877.0634710372,0
0,98856.4927959367,0
0,98835.9666904562,0
0,98809.8482190306,0
0,98778.1833520286,0
0,98719.3869319663,0
0,98665.1481039233,0
0,98611.2203820535,0
0,98506.5837252988,0
0,98403.1175510879,0
0,98076.5828786244,0
0,97761.6873284691,0
0,97264.0655458495,0
0,96571.4048756288,0
0,95721.3981298891,0
0,94968.6986394022,0
0,94223.437904803,0
0,93709.6983975897,0
142499.757277264,0,0
138915.104106794,0,0
100392.965091735,0,0
88397.7188409697,0,0
86937.4093560005,0,0
85932.1199675872,0,0
85580.1882020408,0,0
85289.3217195886,0,0
85020.804391998,0,0
84759.2372193817,0,0
84591.8569621722,0,0
84385.8718709491,0,0
84164.5492250617,0,0
83991.2779009221,0,0
83785.5746895889,0,0
83580.3350521474,0,0
83403.073255252,0,0
83208.8582696832,0,0
83019.5312473576,0,0
82790.9369167526,0,0
82630.4056943975,0,0
82449.050103092,0,0
82257.7633204114,0,0
82072.1722080808,0,0
81883.0247081541,0,0
81883.0247081541,-35463.3182182326,0
81932.5209272119,-35394.1906146731,0
81232.6502520927,-35269.571922231,0
80890.3864272993,-35269.6684212443,0
80629.2044300653,-35269.7421110939,0
80409.7006494087,-35269.8040581315,0
80128.4889436037,-35269.8834242614,0
79854.814973915,-35269.9606706714,0
79587.8242978156,-35270.0360328445,0
79335.2934786161,-35270.1073113956,0
79074.1214275465,-35270.1810343259,0
78825.2872389682,-35270.2512757281,0
78568.8840356653,-35270.3236594087,0
78289.2851754707,-35270.4025875424,0
78004.5041014029,-35270.4829857556,0
77735.3525397568,-35270.5589706598,0
77469.4089735874,-35270.634057653,0
77214.2485543051,-35270.7060988984,0
76976.3455768171,-35270.7732725104,0
76670.5607706055,-35270.8596090128,0
76403.2230400819,-35270.9351119213,0
76118.0984795073,-35271.0156132203,0
75859.9905819869,-35271.0884997526,0
75546.181110042,-35271.1771172957,0
75251.1650953464,-35271.2604335338,0
75251.1650953464,-16165994.3653697,0
75253.963820719,-16053286.0340053,0
75259.3178411076,-15937732.0652333,0
75270.1870146752,-15808186.2739713,0
75290.5662068821,-15665954.3689528,0
75319.9904649304,-15536125.7841868,0
75375.7229844573,-15379379.4071338,0
75447.7061747737,-15249024.5302065,0
75582.6017466984,-15096448.80869,0
75793.3006330757,-14959466.9351258,0
76066.1718528496,-14857045.6719164,0
76553.8275135145,-14750378.3043008,0
77421.4024085844,-14629149.8733969,0
78689.7288443889,-14487325.2215529,0
81091.163226688,-14254625.3769224,0
83919.9381473321,-14008443.4466792,0
89297.7479189809,-13542957.782399,0
100911.895979354,-12355613.4439969,0
119192.529881865,-10046396.1011109,0
144279.444523165,-5667233.92443508,0
143451.610468944,-1350035.37872992,0
132916.55930727,-580671.373856659,0
122185.723744303,-225003.032651503,0
115246.282900007,-102661.623032873,0
107472.737486665,-29984.4187853378,0
107472.737486665,0,0
107472.661477516,0,0
107471.873687076,0,0
107469.65157882,0,0
107465.945389369,0,0
107456.844879677,0,0
107449.604283195,0,0
107435.753963651,0,0
107415.016863684,0,0
107395.2516717,0,0
107375.527138147,0,0
107330.057961527,0,0
107294.567926193,0,0
107247.156396731,0,0
107158.563747351,0,0
107065.631155644,0,0
106939.74882723,0,0
106613.761331746,0,0
106357.673740778,0,0
105900.403038699,0,0
105259.354567414,0,0
104541.622087192,0,0
103891.448766121,0,0
102750.07524943,0,0
102237.108841316,0,0
0,209907.334870811,0
0,205251.890865233,0
0,173231.590525126,0
0,99773.3458544968,0
0,95529.4287448753,0
0,94022.607615951,0
0,93391.4186240198,0
0,93153.3461555722,0
0,92932.5626011928,0
0,92783.7543627238,0
0,92481.2226432037,0
0,92240.1883726114,0
0,92025.1069628009,0
0,91809.3224051661,0
0,91587.6654927456,0
0,91382.0920828662,0
0,91224.9065733837,0
0,90980.8345533837,0
0,90840.695459136,0
0,90630.8391560609,0
0,90473.4928332489,0
0,90228.0527023694,0
0,89938.5384964896,0
0,89710.8922980858,0
0,89463.0206841687,0
-35460.5479405526,89463.0206841687,0
-35408.861716888,89488.4557050134,0
-35267.4400008286,89045.7026054096,0
-35267.7234595488,87772.9935879259,0
-35267.8320599235,87387.9288660002,0
-35267.9157777205,87091.0832907077,0
-35267.9954333918,86808.6601584947,0
-35268.0912029059,86469.1336156139,0
-35268.1742291699,86174.7669830019,0
-35268.2488054787,85910.3832967394,0
-35268.3319078262,85615.7782297011,0
-35268.409237962,85341.6465749492,0
-35268.4870195051,85065.9330332479,0
-35268.5719062718,84765.0425178589,0
-35268.6428194576,84513.6645396531,0
-35268.7251140931,84221.9782978554,0
-35268.7963736525,83969.4123659591,0
-35268.875216424,83689.9781433588,0
-35268.9557626722,83404.5199090207,0
-35269.033050454,83130.6093625041,0
-35269.1131908511,82846.5989407729,0
-35269.1913954458,82569.4613917903,0
-35269.2801795779,82254.8496530982,0
-35269.3585436603,81977.171500709,0
-35269.4537656524,81639.773909747,0
-16165166.3092573,81639.773909747,0
-16052188.9975344,81642.581569201,0
-15936376.0903438,81647.9509083096,0
-15806466.9117053,81658.8617350031,0
-15663861.3649061,81679.3206248958,0
-15533688.7122932,81708.8663793172,0
-15376516.4524633,81764.852235106,0
-15245818.7718581,81837.1947096865,0
-15092903.3255179,81972.814372564,0
-14955666.10018,82184.8070139338,0
-14853170.257136,82459.2696291802,0
-14746288.3261518,82950.3081668547,0
-14621670.4678022,83847.6842767247,0
-14478963.5529694,85129.0788708584,0
-14247538.7966941,87522.5148659788,0
-14005492.772407,90306.1085926083,0
-13496449.4182101,96174.5292108337,0
-12373563.2516092,107141.175900809,0
-9990106.39858158,126007.750898164,0
-5381024.35555366,151885.876026405,0
-1784311.46813512,153228.164778903,0
-456100.192173851,136544.699063087,0
-237451.795206831,129236.536037127,0
-104207.17679273,121848.356098508,0
-26953.7668866357,113717.55193448,0
0,113717.55193448,0
0,113717.468643046,0
0,113716.593896857,0
0,113713.918781325,0
0,113709.403586908,0
0,113702.022026078,0
0,113686.665240661,0
0,113671.973296849,0
0,113652.845130029,0
0,113624.225556112,0
0,113592.833654635,0
0,113561.545920348,0
0,113500.980176187,0
0,113442.492565287,0
0,113384.370817073,0
0,113298.833080738,0
0,113131.072046411,0
0,112928.955759179,0
0,112642.383724058,0
0,111984.544014155,0
0,111498.376264149,0
0,110857.398661505,0
0,110107.031835695,0
0,109044.237242178,0
0,108576.970785578,0
168607.580381288,0,0
165933.289789225,0,0
161960.914291066,0,0
114429.852619099,0,0
103068.837410322,0,0
101396.941643505,0,0
99908.7857256341,0,0
99717.6850900933,0,0
99546.4364011237,0,0
99312.8424561252,0,0
99014.2344234433,0,0
98856.5246929783,0,0
98516.6240489919,0,0
98246.8482313443,0,0
97961.4882655169,0,0
97658.7965209975,0,0
97352.2508251044,0,0
97079.4116805716,0,0
96899.9363935852,0,0
96598.9405442414,0,0
96418.5098775177,0,0
96198.7764301585,0,0
95998.2656393835,0,0
95768.1182048731,0,0
95441.299037028,0,0
95441.299037028,-35458.2519287974,0
95461.3935829536,-35410.6948435837,0
95001.4943217664,-35265.852360431,0
93969.4099062746,-35265.9740564087,0
93495.912741483,-35266.1074709059,0
93134.8503142599,-35266.2092324333,0
92770.3103729526,-35266.3119809892,0
92397.7883073901,-35266.4169853614,0
92004.9853817971,-35266.5277113445,0
91652.7016983346,-35266.6270170545,0
91335.2387905354,-35266.716515317,0
90929.3307439699,-35266.8309496815,0
90605.1693305595,-35266.9223426802,0
90323.6573580449,-35267.0017143729,0
89963.4802581355,-35267.1032670508,0
89659.4664922229,-35267.1889913435,0
89339.1942345667,-35267.2792998415,0
88974.4649958013,-35267.3821531546,0
88676.6509461025,-35267.4661354509,0
88377.734417735,-35267.5504347574,0
88056.723087457,-35267.6409661504,0
87694.0927828078,-35267.7432492615,0
87277.5765183749,-35267.8607213422,0
86982.833399808,-35267.9438621295,0
86670.0646404183,-35268.0320903481,0
86670.0646404183,-16164514.7080762,0
86672.1273423452,-16075987.0547101,0
86678.2665032269,-15935310.1110168,0
86687.2582417176,-15823663.0385912,0
86704.3269060332,-15693406.50432,0
86731.2465591765,-15562459.5246128,0
86783.6498693974,-15401893.6805041,0
86849.686017625,-15271864.9779702,0
86977.4597042321,-15114492.3154011,0
87137.8877197166,-14995092.0281094,0
87434.2692434329,-14867947.0166641,0
87813.313771422,-14774669.68312,0
88525.3517137457,-14663765.6734575,0
89579.7921078672,-14538705.1218058,0
91294.2845587582,-14362609.9395982,0
93967.2968325111,-14120083.0077364,0
97945.1846832641,-13781757.4055148,0
106525.740764533,-12980584.0924245,0
120783.207485757,-11349312.4639169,0
145447.882886743,-7772579.73723517,0
160869.19357495,-3941524.06072915,0
152943.179253988,-1126245.21782544,0
143304.489140585,-520733.500846325,0
124344.214268343,-70786.73333193,0
118784.944492875,-26814.5589352643,0
118784.944492875,0,0
118784.87661977,0,0
118784.15224224,0,0
118782.08735843,0,0
118776.931004146,0,0
118769.992765486,0,0
118763.060061794,0,0
118744.027881532,0,0
118731.361463132,0,0
118712.917876918,0,0
118685.319738,0,0
118651.820355832,0,0
118601.792957749,0,0
118545.526012482,0,0
118489.595484741,0,0
118354.916772003,0,0
118249.307840488,0,0
118067.932446917,0,0
117691.80289688,0,0
117241.28439625,0,0
116609.557072996,0,0
115915.719051392,0,0
115285.65452185,0,0
114172.085339097,0,0
113634.51439321,0,0
0,236213.032697341,0
0,229292.506233125,0
0,138250.554661431,0
0,106606.829329693,0
0,106023.038669065,0
0,105636.749978169,0
0,105319.030335201,0
0,104930.109675256,0
0,104608.572401441,0
0,104363.897383401,0
0,104072.401351612,0
0,103795.093857785,0
0,103462.766479264,0
0,103229.115258816,0
0,102930.316323293,0
0,102669.526904134,0
0,102378.146519648,0
0,102055.681878752,0
0,101782.307503062,0
0,101498.368615281,0
0,101219.297459306,0
0,100862.462161585,0
0,100456.770328329,0
0,100198.147354579,0
0,99852.9995520575,0
-35455.9801032221,99852.9995520575,0
-35393.3813470526,99886.3899290782,0
-35264.5934294917,98881.1280094265,0
-35264.7865773877,98176.7560447546,0
-35264.9019733855,97766.9734168639,0
-35265.0043091,97403.7136573974,0
-35265.1025036838,97055.1649573976,0
-35265.1899759354,96744.7060103418,0
-35265.3110746176,96314.9049154464,0
-35265.410752102,95961.1709860234,0
-35265.5021316011,95636.8600780044,0
-35265.6095128152,95255.8011608408,0
-35265.7036558905,94921.7358395311,0
-35265.8117881623,94538.035873634,0
-35265.9101762998,94188.9340603228,0
-35266.0065843413,93846.8847993246,0
-35266.1016998009,93509.4092581679,0
-35266.2069752721,93135.9216242911,0
-35266.3415509209,92658.4941831286,0
-35266.4388396404,92313.3779497965,0
-35266.5434633765,91942.2588720963,0
-35266.6448646936,91582.6154014915,0
-35266.7420773468,91237.8060577792,0
-35266.8631373057,90808.5118591379,0
-35266.9846764485,90377.5545158214,0
-16164034.6433722,90377.5545158214,0
-16050690.8799359,90380.3807424068,0
-15916651.8058701,90386.9286265353,0
-15777726.0963816,90399.7799747177,0
-15632773.9803612,90422.7134134726,0
-15476597.2305341,90463.2567070755,0
-15323528.3601112,90527.1712060519,0
-15169111.3984226,90631.6096517009,0
-15017634.8317168,90806.7759801461,0
-14885401.3239021,91085.0484264658,0
-14772341.8948969,91524.7402774846,0
-14661176.0604059,92239.9964575208,0
-14470641.7840961,93906.7243199091,0
-14237095.0998689,96327.3530137114,0
-13932655.6814559,99854.2476464994,0
-13373590.7009654,106209.264127903,0
-11881156.1828874,120135.68536781,0
-8557482.58623158,144430.738177156,0
-3664180.17608067,164841.005105067,0
-1604029.40664788,160746.375387016,0
-415932.827401244,144463.561954206,0
-198175.931132698,136387.679296884,0
-119812.536559109,131861.226485162,0
-67360.9388389284,127501.116344786,0
-29649.8603929946,122699.121551913,0
0,122699.121551913,0
0,122699.039403011,0
0,122698.588358028,0
0,122695.433860583,0
0,122690.767582575,0
0,122684.044791047,0
0,122675.270011817,0
0,122666.50367839,0
0,122639.194830901,0
0,122621.032050419,0
0,122595.327472808,0
0,122569.691029149,0
0,122511.527869462,0
0,122466.370726364,0
0,122405.70171614,0
0,122329.818812553,0
0,122254.541321966,0
0,121885.429608839,0
0,121552.729088057,0
0,121142.036695344,0
0,120750.702260226,0
0,119986.175812708,0
0,118974.505063101,0
0,118105.922047963,0
0,117440.755196291,0
182651.249101382,0,0
177882.374911401,0,0
121950.627860698,0,0
110082.187969291,0,0
109603.104236293,0,0
109256.777103591,0,0
108915.17545702,0,0
108568.501878637,0,0
108241.684343412,0,0
107942.851119727,0,0
107594.639654495,0,0
107266.190837822,0,0
107005.327517354,0,0
106694.130739176,0,0
106481.515580622,0,0
106137.375906666,0,0
105750.653903642,0,0
105452.310697013,0,0
105208.382811085,0,0
104825.020937553,0,0
104579.665617785,0,0
104257.110208317,0,0
104013.210251562,0,0
103749.479603872,0,0
103396.90187849,0,0
103396.90187849,-35453.902743858,0
103424.610380816,-35395.7153701475,0
102587.491563063,-35263.5660734105,0
101588.963122695,-35263.8239537022,0
101031.011840078,-35263.9810440029,0
100635.485971245,-35264.0924352859,0
100280.065117048,-35264.1925337619,0
99946.5184770881,-35264.2864792432,0
99573.0268611547,-35264.3916746635,0
99219.3793562614,-35264.4912882884,0
98846.9254228146,-35264.5962068923,0
98470.9425650014,-35264.7021193007,0
98115.0052143917,-35264.8023929406,0
97718.674965017,-35264.9140473171,0
97363.0766528677,-35265.0142331546,0
96951.8744862034,-35265.1300943105,0
96534.0700219441,-35265.247812275,0
96135.9468137483,-35265.359995423,0
95776.8190507308,-35265.4611972994,0
95335.8140733092,-35265.5854794207,0
94845.9229623677,-35265.7235453912,0
94480.5512462034,-35265.8265297843,0
94083.663986456,-35265.9384113795,0
93736.3603038557,-35266.0363361328,0
93352.7946828801,-35266.1445166411,0
93352.7946828801,-16163649.5701272,0
93355.6109738594,-16050181.4163107,0
93361.0125322415,-15933896.2144246,0
93372.0027040299,-15803322.5278069,0
93392.6087229098,-15660034.2998249,0
93422.3777242807,-15529232.6186263,0
93478.8296912147,-15371280.6343811,0
93551.8342068982,-15239955.370832,0
93688.7947648348,-15086414.9096616,0
93903.1992333812,-14948704.1485099,0
94180.6384757655,-14846067.9427534,0
94678.0179525646,-14738779.5293148,0
95589.8838804725,-14612838.8441027,0
96896.0533662974,-14467759.5876145,0
99327.7131882643,-14233339.3166058,0
102159.227970272,-13987856.5506324,0
108163.45095671,-13467025.0493826,0
119302.819593233,-12323019.3714561,0
136810.796803079,-10123663.8623245,0
163561.209499201,-5401902.30674336,0
160282.718939686,-1196761.05650479,0
153520.55132935,-696945.161625112,0
138193.038442225,-174830.915828289,0
130751.600078361,-71608.7779533332,0
125813.288813404,-31154.8318537973,0
125813.288813404,0,0
125813.217619808,0,0
125812.489225216,0,0
125810.422688967,0,0
125805.263985993,0,0
125798.170621193,0,0
125791.082911253,0,0
125772.166461656,0,0
125759.576313663,0,0
125741.039990387,0,0
125713.301179779,0,0
125679.473841231,0,0
125628.951111799,0,0
125571.76325117,0,0
125514.910864861,0,0
125381.019543684,0,0
125276.588685285,0,0
125095.611005638,0,0
124718.619090773,0,0
124266.823923374,0,0
123631.7545404,0,0
122928.659834297,0,0
122288.252440601,0,0
121138.554132241,0,0
120484.078197146,0,0
0,249991.860616367,0
0,243985.384141764,0
0,200187.26415934,0
0,115179.808637298,0
0,111984.317146507,0
0,111506.137020404,0
0,111127.925843611,0
0,110849.586916144,0
0,110477.218068906,0
0,110176.965682903,0
0,109893.369170606,0
0,109635.362333022,0
0,109337.014162851,0
0,109039.804088663,0
0,108801.520726324,0
0,108524.722077465,0
0,108216.167645204,0
0,107958.367746484,0
0,107632.586969315,0
0,107373.463552286,0
0,107130.138956909,0
0,106821.893176579,0
0,106472.159491159,0
0,106165.320831042,0
0,105920.480126742,0
-35452.6214906068,105920.480126742,0
-35389.967099971,105951.499229966,0
-35262.9129411462,104829.94812562,0
-35263.1105227875,104118.390045971,0
-35263.2594196137,103589.434838553,0
-35263.3778717977,103168.7025273,0
-35263.4730527526,102830.659519268,0
-35263.586573355,102427.501723782,0
-35263.700767888,102021.963892318,0
-35263.8465492369,101504.290778772,0
-35263.9610629244,101097.666686506,0
-35264.0704889143,100709.155697182,0
-35264.1682766462,100361.940068882,0
-35264.2755873713,99980.9482109176,0
-35264.4217056461,99462.195072685,0
-35264.5451771478,99023.8694736741,0
-35264.6546269724,98635.3572221201,0
-35264.7561422098,98275.0219773111,0
-35264.8557993884,97921.2960094153,0
-35264.9596590549,97552.6790966678,0
-35265.0771177513,97135.8319406568,0
-35265.1885625127,96740.3948215991,0
-35265.3058280403,96324.3762942489,0
-35265.41858822,95924.5038128901,0
-35265.5467185531,95470.4541090056,0
-16163375.5793368,95470.4541090056,0
-16049819.0111445,95473.2676686511,0
-15933448.7663582,95478.6771565449,0
-15802755.1929296,95489.6828641363,0
-15690656.6263915,95504.8799799324,0
-15528428.7444009,95540.125640585,0
-15398091.0053961,95584.6673781633,0
-15238897.3862902,95669.7870467496,0
-15109699.5743683,95779.8566551668,0
-14967660.9960519,95981.7731192077,0
-14862626.9644168,96240.4875612924,0
-14752711.163764,96710.7943294274,0
-14640152.0647746,97478.3044743518,0
-14505765.9069845,98645.0859309977,0
-14273277.3571464,100995.837236669,0
-14045519.4250326,103585.239753292,0
-13562296.0019184,109217.434390742,0
-12735627.5051816,117661.055489027,0
-10526107.2225939,135975.098811963,0
-7151027.62830018,157752.16709176,0
-2428084.14636205,169391.269723651,0
-521209.546501948,151971.172057533,0
-245393.310660747,143426.942412353,0
-103027.968002841,135636.372843344,0
-27182.0774598118,127674.110609282,0
0,127674.110609282,0
0,127674.033378739,0
0,127673.199720829,0
0,127670.553218149,0
0,127666.054637722,0
0,127659.70172861,0
0,127647.399878933,0
0,127634.682143625,0
0,127617.464241886,0
0,127600.277574319,0
0,127563.964519821,0
0,127539.832400888,0
0,127496.973062172,0
0,127454.306575225,0
0,127363.714036739,0
0,127294.892646591,0
0,127160.159994959,0
0,126962.394608145,0
0,126482.237538949,0
0,126115.829571199,0
0,125562.762644935,0
0,124863.093898387,0
0,123777.874480636,0
0,122971.304665555,0
0,122495.874924234,0
192034.863924697,0,0
186971.558372327,0,0
130105.241855852,0,0
115750.938281226,0,0
115133.432323663,0,0
114616.176386772,0,0
114305.393583903,0,0
113885.063148937,0,0
113399.512152213,0,0
113066.744064956,0,0
112627.902919492,0,0
112354.411887029,0,0
111937.297376121,0,0
111493.787618465,0,0
111158.954958873,0,0
110840.949782116,0,0
110514.484940757,0,0
110247.194935513,0,0
109882.908553293,0,0
109645.841198662,0,0
109251.766379703,0,0
108933.385822015,0,0
108646.130168734,0,0
108319.336506616,0,0
108029.707219435,0,0
108029.707219435,-35450.8088925891,0
108059.80624468,-35388.2909012952,0
107004.850239481,-35262.2952326824,0
105901.740131335,-35262.6075442796,0
105384.910322437,-35262.7530171249,0
105035.72882614,-35262.8513122139,0
104628.163048466,-35262.9660458336,0
104233.868396945,-35263.0770523009,0
103849.772267754,-35263.1851898944,0
103474.467100919,-35263.2908634567,0
103132.433363978,-35263.387161824,0
102611.595906972,-35263.5338195611,0
102162.388288548,-35263.6603138005,0
101730.683513853,-35263.7818852884,0
101372.468463992,-35263.8827688729,0
100937.223112058,-35264.0053519825,0
100525.562047014,-35264.1212959977,0
99972.2640336094,-35264.2771476337,0
99607.2893716556,-35264.3799570453,0
99214.8711149525,-35264.4905055625,0
98843.1159541145,-35264.5952497386,0
98443.7272764985,-35264.7077993013,0
98041.2178635314,-35264.8212651805,0
97626.1650084433,-35264.9383256479,0
97239.2182528554,-35265.0475642031,0
97239.2182528554,-16163146.8002597,0
97242.0408744436,-16049516.4665229,0
97247.4597275496,-15933075.275923,0
97258.4755847219,-15802281.6346108,0
97273.6866671053,-15690104.9199781,0
97308.9702373202,-15527757.7688648,0
97365.5763435308,-15369547.420606,0
97438.8012502189,-15238014.235857,0
97576.2107144068,-15084265.8559469,0
97751.2917970874,-14966619.109772,0
98069.8714616994,-14843713.0233823,0
98481.6455659734,-14751588.5664465,0
99250.8533265451,-14638885.1330558,0
100801.571600377,-14463929.3800565,0
102780.358235728,-14270949.4043203,0
106095.300574018,-13981759.0822512,0
110701.526866139,-13586913.9921101,0
120711.60526782,-12597578.8627922,0
139235.44460503,-10326106.8975902,0
161172.393078624,-6835652.70860691,0
170759.464492818,-2279727.87891852,0
160061.791407681,-855480.636978922,0
151351.263762248,-424364.283746296,0
143514.194626081,-205967.631261631,0
129436.103327338,-26135.1369055267,0
129436.103327338,0,0
129436.042656354,0,0
129435.344826352,0,0
129433.371068472,0,0
129428.450110343,0,0
129421.642302838,0,0
129414.839801862,0,0
129396.809300523,0,0
129384.80836327,0,0
129367.089395049,0,0
129340.572681565,0,0
129308.156186002,0,0
129259.73775446,0,0
129204.082610662,0,0
129148.754446451,0,0
129024.871628211,0,0
128929.524173141,0,0
128694.070811276,0,0
128263.406286357,0,0
127874.711285578,0,0
127169.576846636,0,0
126543.499345014,0,0
125969.493794894,0,0
124799.686142024,0,0
124267.409558569,0,0
0,259966.619901768,0
0,251765.576853726,0
0,132430.545530696,0
0,116748.605272744,0
0,116376.105598527,0
0,116137.157085045,0
0,115720.528137172,0
0,115267.13765522,0
0,114934.299855687,0
0,114635.479053315,0
0,114374.740614817,0
0,114112.787070666,0
0,113777.957931563,0
0,113395.987316946,0
0,113018.249554978,0
0,112594.202788917,0
0,112194.064833223,0
0,111862.535296306,0
0,111540.360067938,0
0,111178.013265318,0
0,110853.670403356,0
0,110503.234979077,0
0,110107.492612474,0
0,109705.617790153,0
0,109449.645777202,0
-35449.8728331451,109449.645777202,0
-35383.3581525505,109482.892311807,0
-35261.9502979389,108218.128345152,0
-35262.2037917137,107333.486507966,0
-35262.3358503945,106864.342337199,0
-35262.4541706846,106443.968737654,0
-35262.6037948412,105912.397717453,0
-35262.716867865,105510.704256524,0
-35262.8429103309,105062.957548204,0
-35262.9453662717,104699.021215644,0
-35263.0573018721,104301.423361863,0
-35263.1712977732,103896.546068146,0
-35263.2767537945,103521.990897468,0
-35263.3787658768,103159.693150548,0
-35263.4773452962,102809.608459921,0
-35263.5930791218,102398.615768517,0
-35263.7021201418,102011.416638661,0
-35263.8149056738,101610.937091317,0
-35263.958033639,101102.760939888,0
-35264.1003277759,100597.606209457,0
-35264.2121438709,100200.712839852,0
-35264.3383002068,99753.0325128144,0
-35264.4609699802,99317.9413554769,0
-35264.5723332167,98923.2823953428,0
-35264.7116002697,98430.5081620558,0
-16162992.8167903,98430.5081620558,0
-16049312.8638633,98433.176386187,0
-15932823.9554347,98438.6237404613,0
-15801962.9809967,98449.6806322292,0
-15658379.8467392,98470.3735748208,0
-15527306.2913881,98500.25294861,0
-15369016.856464,98556.916825753,0
-15237420.0272813,98630.212692386,0
-15083607.9133572,98767.7612027617,0
-14945689.8319852,98983.2289019153,0
-14842992.259613,99261.98189791,0
-14735523.5363823,99762.1693258173,0
-14608991.2900305,100680.498685319,0
-14462722.3240583,101999.010489316,0
-14226279.8948631,104455.604572264,0
-13979083.3165262,107311.319168152,0
-13490426.0614372,112963.76147565,0
-12385858.781115,123821.632188232,0
-10268895.9549178,140851.531639762,0
-5451517.86385165,168504.513933785,0
-1173110.62229688,165217.593989116,0
-709875.255534269,158918.541975917,0
-295525.115242082,148503.013502358,0
-85963.3256726814,136872.122130297,0
-33226.3043698866,131060.482033006,0
0,131060.482033006,0
0,131060.397275391,0
0,131059.542940757,0
0,131056.822223753,0
0,131052.195340408,0
0,131045.883224415,0
0,131033.89460513,0
0,131018.690588388,0
0,131003.510364881,0
0,130984.937938074,0
0,130952.037392911,0
0,130921.50663165,0
0,130882.446108896,0
0,130843.539093436,0
0,130746.64630079,0
0,130682.580157177,0
0,130514.646555695,0
0,130349.614109051,0
0,129876.29466024,0
0,129574.043419174,0
0,128880.783112482,0
0,128242.809329606,0
0,127089.193903368,0
0,126336.944944542,0
0,125653.847108274,0
195263.376532822,0,0
190895.982441616,0,0
170657.572742099,0,0
120438.103022969,0,0
117148.541343829,0,0
116878.779147419,0,0
116522.96853298,0,0
116117.091266218,0,0
115704.062484297,0,0
115400.55156733,0,0
114949.07036925,0,0
114608.619601523,0,0
114241.431611169,0,0
113969.966862997,0,0
113739.415963096,0,0
113339.223694073,0,0
113116.033793248,0,0
112797.129304435,0,0
112544.662605029,0,0
112241.371652825,0,0
111923.858810684,0,0
111684.890238132,0,0
111325.640204837,0,0
111076.451253949,0,0
110715.797169869,0,0
110715.797169869,-35448.5777926633,0
110736.061029845,-35396.4116362979,0
109950.944028432,-35261.4408661756,0
108570.17613333,-35261.85515766,0
108010.964663881,-35262.0125883471,0
107451.187153181,-35262.1701291219,0
107058.616566811,-35262.2806163094,0
106646.140148427,-35262.3967118938,0
106303.48965237,-35262.4931587903,0
105881.504679016,-35262.6119431147,0
105469.490693761,-35262.7279211938,0
105142.491049871,-35262.8199751428,0
104597.198459741,-35262.9734903367,0
104200.040397305,-35263.0853064859,0
103773.90935677,-35263.2052861557,0
103388.76236746,-35263.3137372233,0
102926.334172596,-35263.4439456035,0
102488.111465381,-35263.567352417,0
102113.506375612,-35263.6728521132,0
101753.961465389,-35263.7741205605,0
101365.510726866,-35263.883545611,0
100746.069980954,-35264.058096314,0
100297.407602307,-35264.1846086449,0
99888.9162098248,-35264.2999139087,0
99491.5336475721,-35264.4122624844,0
99491.5336475721,-16162855.6203054,0
99494.3683826396,-16049131.4785951,0
99499.7868245499,-15932600.0767037,0
99510.815866176,-15801679.1228,0
99526.0466830309,-15689403.0156604,0
99561.380979005,-15526904.1348059,0
99606.0421128513,-15396357.3962056,0
99691.4300829317,-15236890.6902958,0
99801.8644326113,-15107513.7467119,0
100004.56574432,-14965293.3177198,0
100264.264895561,-14860198.2668839,0
100736.624930146,-14750159.9369393,0
101371.818499954,-14654798.1083937,0
102683.106026978,-14502067.0471558,0
104580.84399671,-14311923.2895803,0
107667.549470309,-14038315.8370037,0
111968.191470777,-13672512.133087,0
121137.635270756,-12792754.7743588,0
135716.63467372,-11086350.5902037,0
160675.885319816,-7360340.08009782,0
174122.692415301,-2835009.25505767,0
167849.576105485,-1325420.8734299,0
148753.04721299,-265289.595306032,0
134121.328543638,-42089.1888097378,0
131759.743849984,-27132.7095153342,0
131759.743849984,0,0
131759.684241738,0,0
131759.00799038,0,0
131757.063825225,0,0
131752.16658034,0,0
131743.67136475,0,0
131735.184960835,0,0
131715.595727478,0,0
131700.272041342,0,0
131684.973033263,0,0
131645.495662447,0,0
131619.267516896,0,0
131556.685535546,0,0
131507.44710252,0,0
131458.463646595,0,0
131316.178594153,0,0
131222.518005413,0,0
130992.3547769,0,0
130558.142150659,0,0
130153.470376726,0,0
129429.177634377,0,0
128795.051748531,0,0
128214.336164312,0,0
127034.049036607,0,0
126560.153708481,0,0
0,264727.742144142,0
0,257312.343403463,0
0,168876.067695263,0
0,118871.277399383,0
0,118577.389480311,0
0,118199.283498549,0
0,117832.599514809,0
0,117333.136527475,0
0,116811.292956021,0
0,116448.854832242,0
0,116181.689921279,0
0,115886.236900921,0
0,115509.761516959,0
0,115257.837154421,0
0,114869.231662398,0
0,114487.53455381,0
0,114212.188591648,0
0,113841.462065824,0
0,113505.945794257,0
0,113167.11495397,0
0,112931.254670978,0
0,112541.278141276,0
0,112239.430563893,0
0,111807.992361368,0
0,111490.490543155,0
-35448.2247206152,111490.490543155,0
-35395.295070792,111511.188813837,0
-35261.2169801843,110683.581833078,0
-35261.6637066593,109248.964869981,0
-35261.7981784258,108771.257116502,0
-35261.924397279,108322.733434488,0
-35262.0360032159,107926.15958313,0
-35262.1631701178,107474.311222728,0
-35262.2681303154,107101.376349503,0
-35262.3817461433,106697.71556084,0
-35262.5100012024,106242.069769088,0
-35262.6331218704,105804.679241103,0
-35262.7415212858,105419.63512202,0
-35262.8510765695,105030.456173242,0
-35262.9787795436,104576.861700884,0
-35263.1246725523,104058.699071328,0
-35263.2557412384,103593.208632134,0
-35263.3836403651,103139.024261054,0
-35263.4903770038,102760.004857042,0
-35263.5992893711,102373.325633848,0
-35263.7428317721,101863.834354635,0
-35263.8443981629,101503.479581204,0
-35263.9646025421,101077.298497125,0
-35264.1060748989,100576.361864766,0
-35264.2290459922,100142.04469916,0
-16162771.6460798,100142.04469916,0
-16049020.4670224,100144.840374479,0
-15932463.0668867,100150.268167685,0
-15801505.4086005,100161.30794161,0
-15657823.0652993,100182.001040378,0
-15526658.0384301,100211.900527015,0
-15368255.019879,100268.624319097,0
-15236566.8060241,100342.01499567,0
-15082663.1373269,100479.761547669,0
-14944675.0038628,100695.589811926,0
-14841956.3295096,100974.790271515,0
-14734426.2977978,101475.933582786,0
-14607693.069899,102396.459461596,0
-14460952.7411872,103719.812965473,0
-14223407.6847397,106189.605929576,0
-13974670.4084875,109065.213535485,0
-13484435.6482787,114734.440984435,0
-12375675.5780384,125624.022811828,0
-10272961.2195893,142540.113785253,0
-5447935.83682502,170247.222004942,0
-1424041.10726056,169276.352887727,0
-664726.133245324,159940.826015311,0
-235023.068518696,147958.095780173,0
-91630.9890616344,139681.947740112,0
-30025.2686545894,132598.193362887,0
0,132598.193362887,0
0,132598.063446865,0
0,132597.260222548,0
0,132594.620046567,0
0,132590.113506378,0
0,132583.960090984,0
0,132572.265451471,0
0,132557.423395676,0
0,132542.604395892,0
0,132524.518719099,0
0,132492.534675987,0
0,132462.793279717,0
0,132424.698721893,0
0,132386.752965164,0
0,132292.529483567,0
0,132230.223712313,0
0,132069.797639845,0
0,131912.069565722,0
0,131442.197393984,0
0,131142.288392368,0
0,130462.958872841,0
0,129837.71391269,0
0,128709.184689086,0
0,127973.322585071,0
0,127298.374170603,0
199118.809651158,0,0
194113.515400274,0,0
145693.429618388,0,0
120341.269408437,0,0
119289.143161181,0,0
118810.64970545,0,0
118431.056121911,0,0
117957.069473556,0,0
117519.859946154,0,0
117277.545614548,0,0
116957.371935532,0,0
116636.628974548,0,0
116177.985051301,0,0
115911.901711812,0,0
115621.003318548,0,0
115182.45156856,0,0
114846.512931011,0,0
114448.531960768,0,0
114129.456087133,0,0
113755.161295983,0,0
113418.879832692,0,0
113112.185913924,0,0
112797.103529155,0,0
112535.339256945,0,0
112270.635358181,0,0
112270.635358181,-35447.0796019531,0
112285.259899025,-35402.062547912,0
111874.463695849,-35261.6568679735,0
109890.399273792,-35261.48289448,0
109261.063713361,-35261.6600115007,0
108676.023893763,-35261.8246431418,0
108137.076249798,-35261.9763113834,0
107682.492478478,-35262.1042486883,0
107230.183164414,-35262.2315483295,0
106721.20947204,-35262.3748072388,0
106301.339017662,-35262.4929931471,0
105799.236639316,-35262.6343381673,0
105468.394826328,-35262.7274696481,0
105079.78014079,-35262.8368726488,0
104673.33430197,-35262.9513051734,0
104337.955690422,-35263.0457301844,0
103888.670943854,-35263.1722480657,0
103482.256341626,-35263.2866805556,0
103058.494448261,-35263.4060312006,0
102685.54011986,-35263.5110887175,0
102312.829231733,-35263.6161093702,0
101918.684385137,-35263.7272312276,0
101528.737719557,-35263.8372605198,0
101188.602549276,-35263.9333618997,0
100795.228974873,-35264.0447303644,0
100795.228974873,-16162687.1680837,0
100797.280552441,-16073693.6679914,0
100803.468847693,-15932325.250957,0
100812.543082684,-15819991.1686085,0
100829.759736821,-15688997.1054883,0
100856.930314637,-15557257.865013,0
100909.829046961,-15395796.1171681,0
100976.617463426,-15264935.3590432,0
101105.858360471,-15106806.0393172,0
101268.465094378,-14986851.1210636,0
101568.836380465,-14859411.8335567,0
101953.627673164,-14765802.1290367,0
102678.100105126,-14653885.0320147,0
103758.009242386,-14526312.8891004,0
105520.686929337,-14345940.7728209,0
108267.724357832,-14097895.3166763,0
112262.678122679,-13758935.8768967,0
120537.708286828,-12989351.1626837,0
133657.469134592,-11507773.6277201,0
158278.005730167,-8009349.62619169,0
175498.853886128,-3523422.24604133,0
170744.1242849,-1523511.7417267,0
161349.397525998,-704873.186069409,0
141662.157834189,-107197.152480672,0
133027.146147351,-26052.4699054565,0
133027.146147351,0,0
133027.076679433,0,0
133026.390099893,0,0
133024.446940297,0,0
133021.215361345,0,0
133011.194351472,0,0
133002.796662116,0,0
132991.008703419,0,0
132968.269547727,0,0
132953.140374095,0,0
132927.027169411,0,0
132887.99095362,0,0
132850.437569917,0,0
132801.474444482,0,0
132728.503279997,0,0
132636.687279011,0,0
132545.770833053,0,0
132262.143086687,0,0
132029.847632661,0,0
131649.761397025,0,0
130899.453703798,0,0
130297.455484455,0,0
129616.611286776,0,0
128583.461021423,0,0
127855.041211065,0,0
0,267913.547920662,0
0,258974.952694417,0
0,136361.608963554,0
0,121188.058320647,0
0,120603.37377965,0
0,120114.099242926,0
0,119715.379349027,0
0,119382.839679832,0
0,118973.253063196,0
0,118634.412746823,0
0,118320.875536553,0
0,117833.872002626,0
0,117397.407401229,0
0,117089.532945124,0
0,116713.930142524,0
0,116225.506848394,0
0,115903.377725015,0
0,115639.056313348,0
0,115266.966828284,0
0,114943.780611376,0
0,114570.476548155,0
0,114101.528362488,0
0,113541.191363133,0
0,113080.679380336,0
0,112671.883466585,0
-35446.9712026268,112671.883466585,0
-35394.6112727378,112691.788592838,0
-35260.836402109,111972.560839363,0
-35261.2959345204,110553.224657299,0
-35261.4682162336,109941.637555504,0
-35261.6159320901,109416.707028632,0
-35261.7268754512,109022.445930537,0
-35261.864887699,108531.999927133,0
-35262.0085362953,108021.567593188,0
-35262.1640240381,107469.106184855,0
-35262.2659820317,107106.877779897,0
-35262.3998072878,106631.412257467,0
-35262.5207142496,106201.887676889,0
-35262.6706278628,105669.334897159,0
-35262.7857906179,105260.278516265,0
-35262.9103827925,104817.736372698,0
-35263.0451460796,104339.116476593,0
-35263.1769254112,103871.129979406,0
-35263.3017407967,103427.954105074,0
-35263.4062260737,103057.075704224,0
-35263.5074857927,102697.769429665,0
-35263.6135719663,102321.567709828,0
-35263.729899138,101909.48201125,0
-35263.8408013778,101517.343891097,0
-35263.9498404727,101132.795499531,0
-16162643.6768833,101132.795499531,0
-16048851.3093776,101135.631177096,0
-15932254.3063691,101141.055053454,0
-15801240.7244389,101152.095735675,0
-15657501.01151,101172.797247989,0
-15498173.7890245,101210.89420505,0
-15367814.4031669,101259.475221179,0
-15209850.3705342,101351.575473977,0
-15059732.0325756,101498.010343922,0
-14944088.1569203,101686.821396133,0
-14825065.3167192,102025.835846976,0
-14711655.3627213,102605.47294703,0
-14579067.4681531,103626.117266147,0
-14420544.5145882,105100.097186458,0
-14179041.2674144,107672.286272463,0
-13848360.7176889,111546.489667114,0
-13385497.5504539,116798.770609229,0
-11935497.6462317,130443.201778817,0
-8712493.71018249,154269.988334045,0
-4383458.418389,174494.115982334,0
-775870.985051599,162698.33793588,0
-232832.436963733,148601.834312319,0
-113780.899963169,142107.587689872,0
-66158.2262630839,138143.656028205,0
-30327.0051784062,133567.733996044,0
0,133567.733996044,0
0,133567.652236655,0
0,133566.822624934,0
0,133564.190995734,0
0,133559.719912497,0
0,133553.603041657,0
0,133541.966539325,0
0,133527.275876179,0
0,133512.607896541,0
0,133494.69055731,0
0,133462.984441731,0
0,133433.480061817,0
0,133395.673566728,0
0,133358.014096073,0
0,133263.773988786,0
0,133201.458859785,0
0,133042.939146065,0
0,132887.061647297,0
0,132422.012647175,0
0,132125.081415129,0
0,131449.740907283,0
0,130827.960133307,0
0,129703.385667949,0
0,128969.472332855,0
0,128285.195183691,0
200709.623362516,0,0
194308.376143748,0,0
128253.519755552,0,0
120747.328452895,0,0
120420.725627822,0,0
119915.833344676,0,0
119260.807879161,0,0
119014.580888822,0,0
118654.973108105,0,0
118312.186092786,0,0
117891.758017936,0,0
117479.801549801,0,0
117165.084750358,0,0
116905.722250751,0,0
116573.150605638,0,0
116270.192434184,0,0
116006.210298231,0,0
115594.266223821,0,0
115227.762279879,0,0
114910.081919102,0,0
114565.928706822,0,0
114266.485620411,0,0
113892.490299948,0,0
113590.867347353,0,0
113168.857313427,0,0
113168.857313427,-35446.1516052926,0
113187.936027433,-35394.7314904039,0
112502.928483067,-35260.6436804908,0
110914.395110307,-35261.1941867783,0
110275.809577351,-35261.3739861485,0
109899.545284265,-35261.47985935,0
109462.211815666,-35261.6029167377,0
108994.490954783,-35261.7345312728,0
108446.691574877,-35261.8886899734,0
108048.707862204,-35262.0006960954,0
107667.559261714,-35262.1079678506,0
107155.567446176,-35262.2520726621,0
106706.365547256,-35262.3785121829,0
106209.550175954,-35262.5183606479,0
105770.947512999,-35262.6418319309,0
105365.595161415,-35262.7559498585,0
104953.553982687,-35262.871955812,0
104416.81971902,-35263.0230855417,0
104070.910380979,-35263.1204938522,0
103600.754069305,-35263.2529177318,0
103165.217968758,-35263.37563523,0
102684.051111927,-35263.5113014549,0
102308.766559457,-35263.6172225606,0
101927.698729233,-35263.7249685037,0
101548.468358844,-35263.8324521051,0
101548.468358844,-16162589.8738815,0
101551.307274787,-16048780.1946821,0
101557.893026746,-15914223.4910591,0
101570.832634835,-15774616.9087693,0
101593.924539672,-15628997.6681443,0
101634.752505257,-15472143.368797,0
101699.222994867,-15318281.4905965,0
101804.524071572,-15163304.6067741,0
101981.536679807,-15011202.7498044,0
102262.814034353,-14878674.5425647,0
102707.689099387,-14765330.4537723,0
103432.841907076,-14653357.720738,0
104748.806759037,-14500168.3345041,0
107142.652944569,-14263939.1678665,0
110518.936263579,-13969988.8352313,0
116206.02881212,-13478003.5381086,0
127130.318688495,-12364470.9559903,0
149649.651451051,-9470972.27410084,0
174912.790430397,-4384035.4348082,0
172300.081507995,-1641329.10511034,0
169256.225403981,-1251047.227801,0
154923.190707137,-388816.852058379,0
142793.897309893,-119968.284801134,0
136654.917274428,-49662.6555106852,0
134075.674136169,-31011.9389927337,0
134075.674136169,0,0
134075.691324622,0,0
134074.97998914,0,0
134072.989454279,0,0
134068.013288692,0,0
134059.401216652,0,0
134050.797579162,0,0
134030.901492206,0,0
134015.329534045,0,0
133999.782405197,0,0
133959.569592368,0,0
133932.852226762,0,0
133869.161517338,0,0
133819.061100639,0,0
133769.218105473,0,0
133625.426437452,0,0
133530.756350975,0,0
133297.569164996,0,0
132857.31169334,0,0
132446.630273201,0,0
131710.488194841,0,0
131064.883303261,0,0
130473.128243285,0,0
129268.930054825,0,0
128741.552168414,0,0
0,268300.31532838,0
0,261266.150409678,0
0,180960.745101464,0
0,121356.138259974,0
0,120136.687560444,0
0,119712.928149966,0
0,119284.588625193,0
0,118874.876364546,0
0,118684.487194043,0
0,118307.50325124,0
0,117986.768740578,0
0,117655.683485007,0
0,117342.920959547,0
0,117053.10957111,0
0,116640.621886809,0
0,116355.220911033,0
0,115952.000512582,0
0,115722.85179979,0
0,115339.660264523,0
0,114976.401771316,0
0,114695.767058789,0
0,114271.052449473,0
0,113967.23779376,0
0,113633.69175126,0
0,113350.661795125,0
-35446.1843286601,113350.661795125,0
-35383.6146177404,113378.722183207,0
-35260.7157526239,112332.979992024,0
-35261.0875130601,111291.71762042,0
-35261.2705481662,110642.73680174,0
-35261.4122942128,110139.020857231,0
-35261.5364089956,109697.936583388,0
-35261.6624021709,109250.156562426,0
-35261.8576832367,108556.222650309,0
-35262.0044004048,108034.900263777,0
-35262.1191874352,107627.056046845,0
-35262.2336890963,107220.250946917,0
-35262.3586291674,106776.375298329,0
-35262.4621020852,106408.788027678,0
-35262.5708821199,106022.363951466,0
-35262.6978787549,105571.254426855,0
-35262.8291312349,105105.065580623,0
-35262.9546355085,104659.338277873,0
-35263.0810502901,104210.442328195,0
-35263.1926014775,103814.427470843,0
-35263.3007105469,103430.782992107,0
-35263.4193758555,103009.928562366,0
-35263.5416555275,102576.763984258,0
-35263.6662186433,102136.410073115,0
-35263.7893996863,101702.384493278,0
-16162570.1415229,101702.384493278,0
-16048754.1129544,101705.204178359,0
-15914190.3602583,101711.79641924,0
-15801088.6532953,101721.680620361,0
-15657315.9883741,101742.390948073,0
-15497952.6196192,101780.502711345,0
-15341930.892323,101841.137833905,0
-15209562.5113919,101921.244873172,0
-15059414.0011896,102067.752928561,0
-14925297.9625282,102296.918338524,0
-14802787.3290263,102684.666540351,0
-14711283.1224592,103175.892725071,0
-14578611.2542757,104197.418857894,0
-14381460.325701,106058.571931655,0
-14135787.7355149,108731.863210359,0
-13844819.4551294,112154.756573429,0
-13183808.6644399,119486.879017011,0
-11506940.5943414,134573.030516219,0
-8018396.62321683,159137.946834149,0
-3525207.81269054,176418.560557778,0
-1482707.50560469,171369.855329547,0
-368763.630322271,154227.298141171,0
-171728.183458927,146297.949945616,0
-67903.5303007508,138977.051659101,0
-28260.52525997,134006.757146674,0
0,134006.757146674,0
0,134006.678516286,0
0,134005.862471283,0
0,134003.274196295,0
0,133998.876947383,0
0,133992.862073526,0
0,133981.420633604,0
0,133966.970111976,0
0,133952.541817337,0
0,133934.929188678,0
0,133903.776715336,0
0,133874.771091145,0
0,133837.591860777,0
0,133800.556859354,0
0,133708.696226942,0
0,133647.948880313,0
0,133494.150187869,0
0,133342.873946813,0
0,132891.14131717,0
0,132602.515537874,0
0,131944.559124423,0
0,131338.063968225,0
0,130235.584446837,0
0,129514.163119896,0
0,128801.722179816,0
202289.394873762,0,0
195826.584471628,0,0
125101.671763765,0,0
121820.606956783,0,0
121237.445785281,0,0
120702.264466481,0,0
120277.565576831,0,0
119909.637672804,0,0
119584.56716706,0,0
119322.049713994,0,0
119014.954455087,0,0
118638.255942619,0,0
118224.570478015,0,0
117807.767137953,0,0
117500.713739629,0,0
117167.866204227,0,0
116787.183653436,0,0
116517.942509129,0,0
116186.039090871,0,0
115715.255063533,0,0
115314.334513405,0,0
114841.959575545,0,0
114475.260511517,0,0
114094.180317575,0,0
113685.95722701,0,0
113685.95722701,-35445.3963557895,0
113713.09966216,-35383.8044632516,0
112830.272529191,-35260.4905379348,0
111596.860092987,-35261.0014821861,0
111067.085930288,-35261.1510047547,0
110609.880206731,-35261.2796712045,0
110102.798867551,-35261.42234778,0
109605.457964361,-35261.5622931948,0
108930.583983719,-35261.7522072501,0
108460.980506436,-35261.884359571,0
107993.018923738,-35262.0160614053,0
107466.928010458,-35262.1641326117,0
107091.126700389,-35262.2699102363,0
106639.734444769,-35262.3969710256,0
106134.944069109,-35262.5390707338,0
105778.48073172,-35262.6394211876,0
105358.456257379,-35262.7576727527,0
104973.680868065,-35262.8660105692,0
104524.482488093,-35262.9925045524,0
104093.779358448,-35263.113815933,0
103710.300295424,-35263.2218648008,0
103315.459527279,-35263.3331670152,0
102791.794784171,-35263.4809680758,0
102421.887967041,-35263.5855635208,0
101982.301384833,-35263.7102217622,0
101982.301384833,-16162533.851641,0
101985.13122066,-16048706.1497193,0
101991.721023255,-15914129.4322092,0
102004.666266368,-15774496.4846081,0
102022.318439715,-15657224.6915092,0
102060.436362815,-15497843.4948159,0
102121.08376717,-15341802.471647,0
102219.83702152,-15185321.3199027,0
102374.952380824,-15038708.722509,0
102637.008941556,-14900385.1901695,0
102964.833991542,-14802615.3384217,0
103593.582167808,-14690615.6382305,0
104714.225739985,-14551434.4039106,0
106724.61425937,-14343742.2778337,0
109493.610312871,-14093963.7567543,0
114589.290284153,-13660110.4481422,0
121821.317562583,-12979305.7611541,0
138174.77752589,-11091325.2610192,0
163114.525715099,-7373468.51275754,0
175569.231490425,-2273652.70605936,0
167106.858540767,-1007230.66902632,0
152572.003860474,-303998.491951855,0
144603.825119662,-134873.263616261,0
138217.413097929,-56439.8231513572,0
134308.690536553,-28107.3287900834,0
134308.690536553,0,0
134308.618002108,0,0
134307.929466691,0,0
134305.981280709,0,0
134301.118845585,0,0
134292.695857539,0,0
134284.280963235,0,0
134264.837307608,0,0
134249.6227599,0,0
134234.432390941,0,0
134195.136147842,0,0
134169.027576927,0,0
134106.815332914,0,0
134057.883020497,0,0
134009.201537407,0,0
133869.5305843,0,0
133777.564422344,0,0
133550.464202813,0,0
133121.560284328,0,0
132721.314301125,0,0
132003.266025257,0,0
131372.921524863,0,0
130794.927013933,0,0
129618.357310415,0,0
129090.145703876,0,0
0,270022.751426458,0
0,261936.30418737,0
0,158666.386789233,0
0,122423.890482217,0
0,121951.682019768,0
0,121557.587768519,0
0,121255.797231801,0
0,120905.81551423,0
0,120450.214831642,0
0,120145.189448056,0
0,119713.271591493,0
0,119262.16456584,0
0,118906.268534338,0
0,118519.838656922,0
0,118100.216250241,0
0,117648.210274197,0
0,117352.55277554,0
0,116926.045794087,0
0,116676.970829892,0
0,116309.640464732,0
0,115839.649527426,0
0,115475.925881887,0
0,114913.301093146,0
0,114145.627327933,0
0,113744.601487601,0
-35445.8703344026,113744.601487601,0
-35383.6532281413,113772.196713742,0
-35260.579679696,112744.951226386,0
-35260.9888478284,111641.626150994,0
-35261.1298170986,111141.930170577,0
-35261.2835179291,110595.743127697,0
-35261.3898541853,110217.822123347,0
-35261.5309846605,109716.256250215,0
-35261.645266557,109310.138440866,0
-35261.7857704987,108810.852785236,0
-35261.9018236663,108398.486571748,0
-35262.0070514727,108024.597116877,0
-35262.1157586436,107638.36649507,0
-35262.2745367185,107074.271709031,0
-35262.4087905572,106597.322861142,0
-35262.5432314576,106119.73462462,0
-35262.6827058972,105624.317729165,0
-35262.8138573508,105158.508558954,0
-35262.9262049794,104759.542435973,0
-35263.062365715,104276.111254389,0
-35263.1902699559,103822.180405477,0
-35263.3118168358,103391.084123735,0
-35263.4504280456,102900.1509397,0
-35263.5664086775,102490.281433207,0
-35263.69627492,102032.903168718,0
