298,298
298,298
298,298
298,298
298,298
298,298
298,298
298,298.000000000001
298,298.000000000001
298,298.000000000001
298,298.000000000001
298,298.000000000001
298,298.000000000002
298,298.000000000002
298,298.000000000002
298,298.000000000002
298,298.000000000003
298,298.000000000004
298,298.000000000004
298,298.000000000004
298,298.000000000004
298,298.000000000005
298,298.000000000005
298,298.000000000006
298,298.000000000008
298,298.000000000008
298,298.000000000009
298,298.000000000009
298,298.00000000001
298,298.00000000001
298,298.000000000012
298,298.000000000014
298,298.000000000014
298,298.000000000016
298,298.000000000016
298,298.000000000018
298,298.000000000018
298,298.00000000002
298,298.00000000002
298,298.000000000021
298,298.000000000025
298,298.000000000025
298,298.000000000029
298,298.000000000029
298,298.000000000032
298,298.000000000032
298,298.000000000036
298,298.00000000004
298,298.00000000004
298,298.000000000045
298,298.000000000045
298,298.000000000051
298,298.000000000051
298,298.000000000057
298,298.000000000063
298,298.000000000063
298,298.000000000069
298,298.000000000069
298,298.00000000008
298,298.00000000008
298,298.000000000091
298,298.000000000102
298,298.000000000102
298,298.000000000113
298,298.000000000113
298,298.000000000124
298,298.000000000124
298,298.000000000138
298,298.000000000138
298,298.000000000152
298,298.000000000166
298,298.000000000166
298,298.00000000018
298,298.00000000018
298,298.000000000193
298,298.000000000193
298,298.000000000223
298,298.000000000253
298,298.000000000253
298,298.000000000282
298,298.000000000282
298,298.000000000312
298,298.000000000312
298,298.000000000342
298,298.00000000039
298,298.00000000039
298,298.000000000438
298,298.000000000438
298,298.000000000486
298,298.000000000486
298,298.000000000535
298,298.000000000535
298,298.000000000583
298,298.000000000677
298,298.000000000677
298,298.00000000077
298,298.00000000077
298.000000000001,298.000000000864
298.000000000001,298.000000000864
298.000000000001,298.000000000937
298.000000000001,298.000000000937
298.000000000001,298.000000000937
298.000000000001,298.000000000937
298.000000000001,298.000000000937
298.000000000001,298.000000000937
298.000000000001,298.000000000937
298.000000000001,298.000000000937
298.000000000001,298.000000000937
298.000000000001,298.000000000937
298.000000000001,298.000000000937
298.000000000001,298.000000000937
298.000000000001,298.000000000937
298.000000000001,298.000000000937
298.000000000001,298.000000000937
298.000000000001,298.000000000937
298.000000000001,298.000000000937
298.000000000001,298.000000000937
298.000000000001,298.000000000937
298.000000000001,298.000000000937
298.000000000001,298.000000000938
298.000000000001,298.000000000938
298.000000000001,298.000000000938
298.000000000001,298.000000000938
298.000000000001,298.000000000938
298.000000000001,298.000000000938
298.000000000001,298.000000000939
298.000000000001,298.000000000939
298.000000000001,298.000000000939
298.000000000001,298.000000000939
298.000000000001,298.000000000939
298.000000000001,298.000000000939
298.000000000001,298.00000000094
298.000000000001,298.00000000094
298.000000000001,298.00000000094
298.000000000001,298.00000000094
298.000000000001,298.00000000094
298.000000000001,298.00000000094
298.000000000001,298.000000000941
298.000000000001,298.000000000941
298.000000000001,298.000000000941
298.000000000001,298.000000000942
298.000000000001,298.000000000942
298.000000000001,298.000000000942
298.000000000001,298.000000000942
298.000000000001,298.000000000942
298.000000000001,298.000000000942
298.000000000001,298.000000000943
298.000000000001,298.000000000943
298.000000000001,298.000000000943
298.000000000001,298.000000000944
298.000000000001,298.000000000944
298.000000000001,298.000000000945
298.000000000001,298.000000000945
298.000000000001,298.000000000945
298.000000000001,298.000000000947
298.000000000001,298.000000000947
298.000000000001,298.000000000947
298.000000000001,298.000000000948
298.000000000001,298.000000000948
298.000000000001,298.000000000948
298.000000000001,298.00000000095
298.000000000001,298.00000000095
298.000000000001,298.00000000095
298.000000000001,298.000000000956
298.000000000001,298.000000000956
298.000000000001,298.000000000956
298.000000000001,298.000000000963
298.000000000001,298.000000000963
298.000000000001,298.000000000963
298.000000000001,298.000000000969
298.000000000001,298.000000000969
298.000000000001,298.000000000969
298.000000000001,298.000000000975
298.000000000001,298.000000000975
298.000000000001,298.000000000975
298.000000000001,298.000000000995
298.000000000001,298.000000000995
298.000000000001,298.000000000995
298.000000000001,298.000000001016
298.000000000001,298.000000001016
298.000000000001,298.000000001016
298.000000000001,298.000000001036
298.000000000001,298.000000001036
298.000000000001,298.000000001056
298.000000000001,298.000000001056
298.000000000001,298.000000001056
298.000000000001,298.000000001076
298.000000000001,298.000000001076
298.000000000001,298.000000001076
298.000000000001,298.000000001099
298.000000000001,298.000000001099
298.000000000001,298.000000001099
298.000000000001,298.000000001123
298.000000000001,298.000000001123
298.000000000001,298.000000001123
298.000000000001,298.000000001146
298.000000000001,298.000000001146
298.000000000001,298.000000001146
298.000000000001,298.000000001171
298.000000000001,298.000000001171
298.000000000001,298.000000001171
298.000000000001,298.000000001171
298.000000000001,298.000000001172
298.000000000001,298.000000001174
298.000000000001,298.000000001174
298.000000000001,298.000000001177
298.000000000001,298.000000001185
298.000000000001,298.000000001197
298.000000000001,298.000000001265
298.000000000001,298.000000001332
298.000000000002,298.000000001516
298.000000000002,298.000000001608
298.000000000003,298.000000001792
298.000000000004,298.000000002185
298.000000000006,298.000000002578
298.000000000008,298.000000003096
298.000000000012,298.000000003739
298.000000000017,298.000000004382
298.000000000021,298.000000004827
298.000000000029,298.000000005716
298.000000000039,298.000000006606
298.000000000055,298.000000007807
298.000000000078,298.00000000932
298.000000000106,298.000000010832
298.000000000142,298.000000012543
298.000000000165,298.000000013498
298.000000000185,298.000000014287
298.000000000185,298.000000014307
298.00000000019,298.000000014507
298.000000000201,298.000000014903
298.000000000217,298.000000015494
298.000000000245,298.000000016444
298.000000000265,298.000000017098
298.000000000307,298.000000018407
298.000000000365,298.000000020073
298.000000000442,298.000000022096
298.000000000526,298.000000024117
298.000000000632,298.000000026447
298.000000000764,298.000000029086
298.000000000835,298.000000030404
298.000000000986,298.000000033037
298.000000001176,298.000000036094
298.000000001382,298.000000039146
298.000000001605,298.000000042192
298.000000001873,298.000000045598
298.000000002161,298.000000048998
298.000000002313,298.000000050695
298.000000002649,298.000000054279
298.000000003028,298.00000005805
298.00000000343,298.000000061812
298.000000003878,298.000000065755
298.000000004376,298.000000069876
298.000000004901,298.000000073987
298.000000005481,298.000000078278
298.000000005795,298.000000080513
298.000000006449,298.000000084976
298.000000007135,298.000000089428
298.000000007919,298.000000094267
298.00000000874,298.000000099093
298.000000009598,298.000000103906
298.000000010566,298.000000109089
298.000000011066,298.000000111675
298.000000012096,298.000000116836
298.00000001321,298.00000012218
298.000000014412,298.000000127707
298.00000001566,298.000000133218
298.000000017004,298.000000138921
298.000000018448,298.000000144814
298.000000019189,298.000000147754
298.00000002071,298.000000153621
298.000000022389,298.000000159865
298.000000024124,298.00000016609
298.000000025915,298.000000172296
298.000000027887,298.000000178902
298.000000029921,298.000000185487
298.00000003096,298.000000188772
298.000000033153,298.00000019554
298.000000035481,298.0000002025
298.000000037873,298.000000209438
298.000000040536,298.000000216926
298.000000043484,298.000000224959
298.000000046516,298.000000232963
298.000000048062,298.000000236955
298.00000005154,298.000000245727
298.000000055113,298.000000254467
298.000000058779,298.000000263174
298.000000064031,298.00000027524
298.000000069452,298.000000287247
298.000000075037,298.000000299197
298.000000081141,298.000000311828
298.00000009386,298.000000336911
298.000000107219,298.000000361771
298.000000131988,298.000000404755
298.000000158363,298.000000447178
298.000000191922,298.000000497523
298.000000233328,298.000000555558
298.000000254806,298.000000584305
298.000000336723,298.000000687852
298.000000463182,298.000000835506
298.000000583619,298.00000096827
298.000000583619,298.00000096827
298.00000058362,298.000000968271
298.00000058362,298.000000968271
298.00000058362,298.000000968271
298.00000058362,298.000000968271
298.00000058362,298.000000968271
298.00000058362,298.000000968271
298.000000583621,298.000000968272
298.000000583622,298.000000968273
298.000000583622,298.000000968273
298.000000583623,298.000000968274
298.000000583623,298.000000968274
298.000000583624,298.000000968276
298.000000583624,298.000000968276
298.000000583628,298.000000968279
298.000000583628,298.000000968279
298.000000583631,298.000000968283
298.000000583634,298.000000968286
298.000000583634,298.000000968286
298.000000583638,298.00000096829
298.000000583638,298.00000096829
298.000000583657,298.000000968311
298.000000583657,298.000000968311
298.000000583677,298.000000968332
298.000000583696,298.000000968354
298.000000583696,298.000000968354
298.000000583716,298.000000968375
298.000000583716,298.000000968375
298.000000583794,298.000000968459
298.000000583794,298.000000968459
298.000000583872,298.000000968544
298.000000583951,298.000000968628
298.000000583951,298.000000968628
298.000000584029,298.000000968713
298.000000584029,298.000000968713
298.000000584107,298.000000968797
298.000000584107,298.000000968797
298.0000005842,298.000000968898
298.0000005842,298.000000968898
298.000000584294,298.000000968999
298.000000584387,298.0000009691
298.000000584387,298.0000009691
298.00000058448,298.0000009692
298.00000058448,298.0000009692
298.000000584573,298.000000969301
298.000000584573,298.000000969301
298.000000584683,298.00000096942
298.000000584793,298.000000969539
298.000000584793,298.000000969539
298.000000584904,298.000000969658
298.000000584904,298.000000969658
298.000000585014,298.000000969777
298.000000585014,298.000000969777
298.000000585124,298.000000969896
298.000000585253,298.000000970035
298.000000585253,298.000000970035
298.000000585381,298.000000970174
298.000000585381,298.000000970174
298.00000058551,298.000000970313
298.00000058551,298.000000970313
298.000000585638,298.000000970452
298.000000585767,298.000000970591
298.000000585767,298.000000970591
298.000000585906,298.000000970741
298.000000585906,298.000000970741
298.000000586045,298.000000970891
298.000000586045,298.000000970891
298.000000586183,298.000000971041
298.000000586183,298.000000971041
298.000000586322,298.000000971191
298.000000586461,298.00000097134
298.000000586461,298.00000097134
298.000000586612,298.000000971504
298.000000586612,298.000000971504
298.000000586763,298.000000971667
298.000000586763,298.000000971667
298.000000586914,298.00000097183
298.000000587066,298.000000971993
298.000000587066,298.000000971993
298.000000587217,298.000000972157
298.000000587217,298.000000972157
298.000000587391,298.000000972344
298.000000587391,298.000000972344
298.000000587564,298.000000972532
298.000000587738,298.00000097272
298.000000587738,298.00000097272
298.000000587912,298.000000972907
298.000000587912,298.000000972907
298.000000588086,298.000000973095
298.000000588086,298.000000973095
298.000000588293,298.000000973319
298.000000588293,298.000000973319
298.000000588501,298.000000973543
298.000000588708,298.000000973767
298.000000588708,298.000000973767
298.000000588916,298.000000973991
298.000000588916,298.000000973991
298.000000589123,298.000000974214
298.000000589123,298.000000974214
298.000000589355,298.000000974464
298.000000589355,298.000000974464
298.000000589355,298.000000974464
298.000000589355,298.000000974464
298.000000589355,298.000000974465
298.000000589355,298.000000974465
298.000000589355,298.000000974465
298.000000589355,298.000000974465
298.000000589356,298.000000974465
298.000000589356,298.000000974466
298.000000589356,298.000000974466
298.000000589356,298.000000974466
298.000000589357,298.000000974467
298.000000589357,298.000000974467
298.000000589358,298.000000974468
298.000000589358,298.000000974468
298.000000589358,298.000000974469
298.000000589359,298.000000974469
298.000000589359,298.00000097447
298.00000058936,298.000000974471
298.000000589361,298.000000974471
298.000000589361,298.000000974472
298.000000589362,298.000000974472
298.000000589363,298.000000974473
298.000000589363,298.000000974474
298.000000589364,298.000000974475
298.000000589366,298.000000974476
298.000000589366,298.000000974477
298.000000589368,298.000000974479
298.000000589368,298.000000974479
298.00000058937,298.000000974481
298.000000589372,298.000000974483
298.000000589373,298.000000974484
298.000000589375,298.000000974486
298.000000589376,298.000000974488
298.000000589378,298.00000097449
298.000000589381,298.000000974493
298.000000589383,298.000000974495
298.000000589387,298.000000974499
298.000000589388,298.000000974501
298.000000589393,298.000000974506
298.000000589396,298.000000974509
298.000000589401,298.000000974515
298.000000589415,298.00000097453
298.000000589422,298.000000974537
298.000000589441,298.000000974558
298.000000589453,298.000000974571
298.000000589478,298.000000974598
298.000000589509,298.000000974631
298.000000589527,298.000000974651
298.000000589564,298.00000097469
298.000000589582,298.00000097471
298.000000589632,298.000000974764
298.000000589657,298.000000974791
298.000000589708,298.000000974846
298.000000589775,298.000000974918
298.000000589808,298.000000974954
298.000000589875,298.000000975026
298.000000589915,298.000000975069
298.000000589995,298.000000975155
298.000000590074,298.000000975241
298.000000590123,298.000000975294
298.00000059022,298.000000975398
298.000000590268,298.00000097545
298.000000590378,298.000000975568
298.000000590439,298.000000975635
298.000000590562,298.000000975767
298.000000590697,298.000000975913
298.000000590772,298.000000975993
298.00000059092,298.000000976154
298.000000590995,298.000000976234
298.000000591171,298.000000976425
298.000000591348,298.000000976615
298.000000591437,298.000000976711
298.000000591645,298.000000976935
298.000000591749,298.000000977047
298.000000591957,298.000000977271
298.000000592199,298.000000977533
298.00000059232,298.000000977663
298.000000592562,298.000000977925
298.000000592684,298.000000978055
298.000000593029,298.000000978428
298.000000593202,298.000000978614
298.000000593547,298.000000978986
298.000000593915,298.000000979383
298.000000594111,298.000000979594
298.000000594503,298.000000980016
298.000000594698,298.000000980227
298.000000595121,298.000000980683
298.000000595575,298.000000981172
298.000000595802,298.000000981417
298.000000596257,298.000000981906
298.000000596507,298.000000982175
298.000000597007,298.000000982714
298.000000597257,298.000000982984
298.000000597758,298.000000983523
298.000000598313,298.00000098412
298.00000059859,298.000000984419
298.000000599145,298.000000985016
298.000000599423,298.000000985315
298.000000600024,298.000000985962
298.000000600024,298.000000985962
298.000000600024,298.000000985962
298.000000600024,298.000000985962
298.000000600024,298.000000985962
298.000000600024,298.000000985962
298.000000600024,298.000000985962
298.000000600024,298.000000985962
298.000000600024,298.000000985962
298.000000600024,298.000000985962
298.000000600024,298.000000985962
298.000000600024,298.000000985962
298.000000600024,298.000000985962
298.000000600024,298.000000985962
298.000000600025,298.000000985962
298.000000600025,298.000000985962
298.000000600025,298.000000985963
298.000000600025,298.000000985963
298.000000600025,298.000000985963
298.000000600025,298.000000985963
298.000000600025,298.000000985963
298.000000600025,298.000000985963
298.000000600026,298.000000985964
298.000000600026,298.000000985964
298.000000600026,298.000000985964
298.000000600026,298.000000985964
298.000000600026,298.000000985964
298.000000600027,298.000000985965
298.000000600027,298.000000985965
298.000000600027,298.000000985965
298.000000600027,298.000000985965
298.000000600028,298.000000985966
298.000000600028,298.000000985966
298.000000600028,298.000000985966
298.000000600028,298.000000985967
298.000000600028,298.000000985967
298.000000600029,298.000000985967
298.00000060003,298.000000985968
298.00000060003,298.000000985968
298.00000060003,298.000000985969
298.000000600031,298.000000985969
298.000000600031,298.000000985969
298.000000600032,298.00000098597
298.000000600033,298.000000985971
298.000000600033,298.000000985971
298.000000600034,298.000000985973
298.000000600035,298.000000985974
298.000000600035,298.000000985974
298.000000600036,298.000000985975
298.000000600038,298.000000985976
298.000000600038,298.000000985976
298.000000600039,298.000000985978
298.000000600039,298.000000985978
298.000000600041,298.00000098598
298.000000600042,298.000000985982
298.000000600042,298.000000985982
298.000000600044,298.000000985983
298.000000600047,298.000000985987
298.000000600047,298.000000985987
298.00000060005,298.00000098599
298.000000600054,298.000000985994
298.000000600054,298.000000985994
298.000000600057,298.000000985997
298.00000060006,298.000000986001
298.00000060006,298.000000986001
298.000000600066,298.000000986007
298.000000600072,298.000000986014
298.000000600072,298.000000986014
298.000000600079,298.000000986021
298.000000600085,298.000000986027
298.000000600085,298.000000986027
298.000000600091,298.000000986034
298.000000600105,298.000000986049
298.000000600105,298.000000986049
298.000000600119,298.000000986064
298.000000600132,298.000000986078
298.000000600132,298.000000986078
298.000000600146,298.000000986093
298.00000060016,298.000000986108
298.00000060016,298.000000986108
298.00000060018,298.00000098613
298.0000006002,298.000000986151
298.0000006002,298.000000986151
298.00000060022,298.000000986173
298.00000060022,298.000000986173
298.00000060024,298.000000986195
298.000000600261,298.000000986216
298.000000600261,298.000000986216
298.000000600295,298.000000986253
298.000000600329,298.00000098629
298.000000600329,298.00000098629
298.000000600363,298.000000986327
298.000000600398,298.000000986364
298.000000600398,298.000000986364
298.000000600432,298.000000986401
298.000000600498,298.000000986472
298.000000600498,298.000000986472
298.000000600564,298.000000986542
298.000000600629,298.000000986613
298.000000600629,298.000000986613
298.000000600681,298.000000986669
298.000000600681,298.000000986669
298.000000600681,298.000000986669
298.000000600681,298.000000986669
298.000000600681,298.000000986669
298.000000600681,298.000000986669
298.000000600681,298.000000986669
298.000000600681,298.000000986669
298.000000600681,298.000000986669
298.000000600681,298.000000986669
298.000000600681,298.000000986669
298.000000600681,298.000000986669
298.000000600681,298.000000986669
298.000000600681,298.000000986669
298.000000600681,298.000000986669
298.000000600681,298.000000986669
298.000000600681,298.000000986669
298.000000600681,298.000000986669
298.000000600681,298.000000986669
298.000000600681,298.000000986669
298.000000600681,298.000000986669
298.000000600682,298.000000986669
298.000000600682,298.000000986669
298.000000600682,298.000000986669
298.000000600682,298.00000098667
298.000000600682,298.00000098667
298.000000600682,298.00000098667
298.000000600682,298.00000098667
298.000000600682,298.00000098667
298.000000600682,298.00000098667
298.000000600683,298.00000098667
298.000000600683,298.00000098667
298.000000600683,298.00000098667
298.000000600683,298.000000986671
298.000000600683,298.000000986671
298.000000600683,298.000000986671
298.000000600683,298.000000986671
298.000000600683,298.000000986671
298.000000600683,298.000000986671
298.000000600684,298.000000986672
298.000000600684,298.000000986672
298.000000600684,298.000000986672
298.000000600684,298.000000986672
298.000000600684,298.000000986672
298.000000600684,298.000000986672
298.000000600685,298.000000986673
298.000000600685,298.000000986673
298.000000600685,298.000000986673
298.000000600685,298.000000986673
298.000000600685,298.000000986673
298.000000600685,298.000000986673
298.000000600686,298.000000986674
298.000000600686,298.000000986674
298.000000600686,298.000000986674
298.000000600687,298.000000986675
298.000000600687,298.000000986675
298.000000600687,298.000000986675
298.000000600688,298.000000986676
298.000000600688,298.000000986676
298.000000600688,298.000000986676
298.00000060069,298.000000986678
298.00000060069,298.000000986678
298.00000060069,298.000000986678
298.000000600691,298.000000986679
298.000000600691,298.000000986679
298.000000600691,298.000000986679
298.0000006007,298.000000986689
298.0000006007,298.000000986689
298.0000006007,298.000000986689
298.000000600709,298.000000986698
298.000000600709,298.000000986698
298.000000600709,298.000000986698
298.000000600717,298.000000986708
298.000000600717,298.000000986708
298.000000600717,298.000000986708
298.000000600726,298.000000986717
298.000000600726,298.000000986717
298.000000600726,298.000000986717
298.000000600743,298.000000986735
298.000000600743,298.000000986735
298.000000600743,298.000000986735
298.000000600759,298.000000986753
298.000000600759,298.000000986753
298.000000600759,298.000000986753
298.000000600776,298.00000098677
298.000000600776,298.00000098677
298.000000600776,298.00000098677
298.000000600792,298.000000986788
298.000000600792,298.000000986788
298.000000600792,298.000000986788
298.000000600808,298.000000986806
298.000000600808,298.000000986806
298.000000600808,298.000000986806
298.000000600825,298.000000986823
298.000000600825,298.000000986823
298.000000600825,298.000000986823
298.000000600841,298.000000986841
298.000000600841,298.000000986841
298.000000600841,298.000000986841
298.000000600845,298.000000986845
298.000000600845,298.000000986845
298.000000600845,298.000000986845
298.000000600846,298.000000986846
298.000000600846,298.000000986846
298.000000600847,298.000000986847
298.000000600849,298.000000986849
298.00000060085,298.00000098685
298.000000600855,298.000000986856
298.000000600863,298.000000986865
298.000000600926,298.000000986932
298.000000600989,298.000000987
298.000000601186,298.000000987212
298.000000601383,298.000000987424
298.000000601653,298.000000987714
298.000000601996,298.000000988083
298.000000602167,298.000000988267
298.000000602653,298.00000098879
298.000000603282,298.000000989467
298.000000603912,298.000000990143
298.000000604807,298.000000991105
298.000000605702,298.000000992067
298.000000606715,298.000000993156
298.000000607848,298.000000994372
298.00000060898,298.000000995588
298.000000609662,298.00000099632
298.000000611026,298.000000997784
298.000000612391,298.000000999248
298.000000613974,298.000001000946
298.000000614839,298.000001001873
298.000000614847,298.000001001882
298.000000614892,298.00000100193
298.000000614973,298.000001002017
298.000000615545,298.00000100263
298.000000615831,298.000001002937
298.000000616784,298.000001003958
298.000000618119,298.000001005389
298.000000619455,298.000001006819
298.000000621364,298.000001008863
298.000000623274,298.000001010907
298.000000625296,298.000001013069
298.000000627429,298.00000101535
298.000000629563,298.00000101763
298.00000063074,298.000001018887
298.000000633094,298.0000010214
298.000000635449,298.000001023913
298.000000638012,298.000001026646
298.000000640576,298.000001029379
298.000000643239,298.000001032216
298.000000646002,298.000001035157
298.000000648766,298.000001038098
298.000000651736,298.000001041256
298.000000653222,298.000001042835
298.000000656194,298.000001045993
298.0000006594,298.000001049396
298.000000662608,298.0000010528
298.000000665924,298.000001056315
298.000000669349,298.000001059944
298.000000672776,298.000001063572
298.000000676425,298.000001067433
298.000000680077,298.000001071293
298.000000681903,298.000001073222
298.000000685788,298.000001077325
298.000000689675,298.000001081427
298.000000693685,298.000001085656
298.00000069782,298.000001090013
298.000000701957,298.000001094369
298.000000706336,298.000001098976
298.000000710717,298.000001103582
298.000000715222,298.000001108315
298.000000717536,298.000001110745
298.000000722167,298.000001115604
298.000000726924,298.000001120592
298.000000731807,298.000001125708
298.000000736694,298.000001130823
298.000000741842,298.000001136208
298.000000746993,298.000001141592
298.000000752279,298.000001147113
298.000000757699,298.000001152769
298.000000760411,298.000001155597
298.000000766267,298.000001161701
298.000000772559,298.000001168253
298.000000778855,298.000001174804
298.000000785651,298.000001181868
298.000000792451,298.000001188931
298.000000799256,298.000001195993
298.000000810241,298.000001207379
298.000000821236,298.000001218761
298.000000826738,298.000001224451
298.000000841475,298.000001239675
298.00000085623,298.000001254892
298.000000875472,298.000001274703
298.000000899218,298.000001299102
298.000000923002,298.000001323488
298.000000966624,298.000001368094
298.000001010345,298.000001412666
298.000001070952,298.00000147426
298.000001109719,298.00000151356
298.000001187392,298.000001592113
298.000001270352,298.000001675792
298.000001358587,298.000001764602
298.000001453556,298.000001860028
298.000001453556,298.000001860028
298.000001453556,298.000001860028
298.000001453556,298.000001860028
298.000001453556,298.000001860028
298.000001453556,298.000001860028
298.000001453556,298.000001860028
298.000001453556,298.000001860028
298.000001453558,298.000001860029
298.000001453559,298.00000186003
298.000001453559,298.00000186003
298.00000145356,298.000001860032
298.00000145356,298.000001860032
298.000001453561,298.000001860033
298.000001453561,298.000001860033
298.000001453565,298.000001860036
298.000001453568,298.00000186004
298.000001453568,298.00000186004
298.000001453572,298.000001860043
298.000001453572,298.000001860043
298.000001453575,298.000001860047
298.000001453596,298.000001860068
298.000001453596,298.000001860068
298.000001453616,298.000001860088
298.000001453616,298.000001860088
298.000001453637,298.000001860109
298.000001453637,298.000001860109
298.000001453658,298.00000186013
298.00000145374,298.000001860212
298.00000145374,298.000001860212
298.000001453822,298.000001860295
298.000001453822,298.000001860295
298.000001453905,298.000001860378
298.000001453905,298.000001860378
298.000001453987,298.00000186046
298.000001454069,298.000001860543
298.000001454069,298.000001860543
298.000001454167,298.000001860642
298.000001454167,298.000001860642
298.000001454266,298.00000186074
298.000001454266,298.00000186074
298.000001454364,298.000001860839
298.000001454462,298.000001860937
298.000001454462,298.000001860937
298.00000145456,298.000001861036
298.00000145456,298.000001861036
298.000001454676,298.000001861152
298.000001454676,298.000001861152
298.000001454792,298.000001861269
298.000001454908,298.000001861385
298.000001454908,298.000001861385
298.000001455024,298.000001861502
298.000001455024,298.000001861502
298.00000145514,298.000001861618
298.000001455275,298.000001861754
298.000001455275,298.000001861754
298.00000145541,298.00000186189
298.00000145541,298.00000186189
298.000001455546,298.000001862026
298.000001455546,298.000001862026
298.000001455681,298.000001862162
298.000001455816,298.000001862297
298.000001455816,298.000001862297
298.000001455959,298.000001862441
298.000001455959,298.000001862441
298.000001456103,298.000001862585
298.000001456103,298.000001862585
298.000001456246,298.000001862729
298.000001456389,298.000001862872
298.000001456389,298.000001862872
298.000001456532,298.000001863016
298.000001456532,298.000001863016
298.000001456689,298.000001863173
298.000001456689,298.000001863173
298.000001456845,298.000001863331
298.000001457002,298.000001863488
298.000001457002,298.000001863488
298.000001457159,298.000001863645
298.000001457159,298.000001863645
298.000001457315,298.000001863802
298.000001457315,298.000001863802
298.000001457497,298.000001863985
298.000001457679,298.000001864168
298.000001457679,298.000001864168
298.000001457861,298.00000186435
298.000001457861,298.00000186435
298.000001458043,298.000001864533
298.000001458224,298.000001864715
298.000001458224,298.000001864715
298.000001458434,298.000001864926
298.000001458434,298.000001864926
298.000001458645,298.000001865137
298.000001458645,298.000001865137
298.000001458855,298.000001865348
298.000001459065,298.000001865559
298.000001459065,298.000001865559
298.000001459275,298.00000186577
298.000001459275,298.00000186577
298.000001459538,298.000001866034
298.000001459538,298.000001866034
298.000001459613,298.000001866109
298.000001459613,298.000001866109
298.000001459613,298.000001866109
298.000001459613,298.000001866109
298.000001459613,298.00000186611
298.000001459614,298.00000186611
298.000001459614,298.00000186611
298.000001459614,298.00000186611
298.000001459614,298.00000186611
298.000001459615,298.000001866111
298.000001459615,298.000001866111
298.000001459615,298.000001866111
298.000001459615,298.000001866112
298.000001459616,298.000001866112
298.000001459616,298.000001866112
298.000001459617,298.000001866113
298.000001459617,298.000001866113
298.000001459618,298.000001866114
298.000001459618,298.000001866115
298.000001459619,298.000001866115
298.00000145962,298.000001866116
298.00000145962,298.000001866116
298.000001459621,298.000001866117
298.000001459621,298.000001866118
298.000001459622,298.000001866119
298.000001459624,298.00000186612
298.000001459624,298.00000186612
298.000001459625,298.000001866122
298.000001459626,298.000001866122
298.000001459628,298.000001866124
298.000001459628,298.000001866125
298.00000145963,298.000001866126
298.000001459632,298.000001866128
298.000001459633,298.000001866129
298.000001459636,298.000001866132
298.000001459637,298.000001866133
298.00000145964,298.000001866136
298.000001459641,298.000001866137
298.000001459645,298.000001866141
298.000001459646,298.000001866143
298.00000145965,298.000001866146
298.000001459656,298.000001866152
298.000001459658,298.000001866155
298.000001459668,298.000001866164
298.000001459674,298.00000186617
298.000001459687,298.000001866183
298.000001459699,298.000001866196
298.000001459724,298.000001866221
298.000001459749,298.000001866245
298.000001459767,298.000001866264
298.000001459805,298.000001866302
298.000001459823,298.00000186632
298.000001459868,298.000001866365
298.000001459894,298.000001866391
298.000001459946,298.000001866444
298.000001460007,298.000001866505
298.000001460042,298.00000186654
298.000001460112,298.00000186661
298.000001460147,298.000001866646
298.000001460233,298.000001866731
298.000001460276,298.000001866774
298.000001460361,298.00000186686
298.000001460469,298.000001866968
298.000001460522,298.000001867022
298.00000146063,298.00000186713
298.000001460699,298.000001867199
298.000001460836,298.000001867337
298.000001460905,298.000001867406
298.000001461058,298.00000186756
298.000001461143,298.000001867645
298.000001461312,298.000001867815
298.0000014615,298.000001868004
298.000001461604,298.000001868108
298.000001461812,298.000001868317
298.000001461916,298.000001868422
298.000001462163,298.00000186867
298.000001462287,298.000001868794
298.000001462534,298.000001869042
298.000001462822,298.00000186933
298.000001462965,298.000001869475
298.000001463253,298.000001869764
298.000001463421,298.000001869932
298.000001463755,298.000001870268
298.000001463923,298.000001870436
298.000001464257,298.000001870772
298.000001464679,298.000001871195
298.00000146489,298.000001871407
298.000001465312,298.000001871831
298.000001465523,298.000001872042
298.000001466037,298.000001872558
298.000001466294,298.000001872816
298.000001466808,298.000001873332
298.000001467065,298.00000187359
298.00000146763,298.000001874157
298.000001468194,298.000001874724
298.000001468477,298.000001875007
298.000001469071,298.000001875604
298.000001469384,298.000001875918
298.000001470008,298.000001876545
298.000001470321,298.000001876859
298.000001470863,298.000001877403
298.000001470863,298.000001877403
298.000001470863,298.000001877403
298.000001470863,298.000001877403
298.000001470863,298.000001877403
298.000001470863,298.000001877403
298.000001470863,298.000001877403
298.000001470863,298.000001877403
298.000001470863,298.000001877403
298.000001470863,298.000001877404
298.000001470863,298.000001877404
298.000001470864,298.000001877404
298.000001470864,298.000001877404
298.000001470864,298.000001877404
298.000001470864,298.000001877404
298.000001470864,298.000001877404
298.000001470864,298.000001877404
298.000001470864,298.000001877404
298.000001470864,298.000001877404
298.000001470865,298.000001877405
298.000001470865,298.000001877405
298.000001470865,298.000001877405
298.000001470865,298.000001877405
298.000001470865,298.000001877406
298.000001470865,298.000001877406
298.000001470866,298.000001877406
298.000001470866,298.000001877406
298.000001470866,298.000001877406
298.000001470866,298.000001877406
298.000001470867,298.000001877407
298.000001470867,298.000001877407
298.000001470867,298.000001877407
298.000001470867,298.000001877407
298.000001470868,298.000001877408
298.000001470868,298.000001877408
298.000001470868,298.000001877408
298.000001470869,298.000001877409
298.000001470869,298.000001877409
298.00000147087,298.00000187741
298.00000147087,298.00000187741
298.00000147087,298.00000187741
298.000001470871,298.000001877411
298.000001470871,298.000001877411
298.000001470872,298.000001877412
298.000001470873,298.000001877413
298.000001470874,298.000001877414
298.000001470874,298.000001877414
298.000001470875,298.000001877415
298.000001470877,298.000001877417
298.000001470877,298.000001877417
298.000001470878,298.000001877418
298.00000147088,298.00000187742
298.000001470881,298.000001877421
298.000001470881,298.000001877421
298.000001470883,298.000001877423
298.000001470886,298.000001877426
298.000001470886,298.000001877426
298.000001470888,298.000001877428
298.000001470891,298.000001877431
298.000001470893,298.000001877433
298.000001470893,298.000001877433
298.000001470898,298.000001877438
298.000001470904,298.000001877444
298.000001470904,298.000001877444
298.000001470909,298.000001877449
298.000001470914,298.000001877454
298.000001470919,298.00000187746
298.000001470919,298.00000187746
298.000001470928,298.000001877468
298.000001470937,298.000001877477
298.000001470937,298.000001877477
298.000001470946,298.000001877486
298.000001470954,298.000001877495
298.000001470963,298.000001877504
298.000001470963,298.000001877504
298.000001470981,298.000001877521
298.000001470998,298.000001877539
298.000001471015,298.000001877556
298.000001471015,298.000001877556
298.000001471033,298.000001877574
298.00000147105,298.000001877591
298.00000147105,298.000001877591
298.000001471075,298.000001877616
298.0000014711,298.000001877641
298.000001471125,298.000001877666
298.000001471125,298.000001877666
298.00000147115,298.000001877691
298.000001471175,298.000001877716
298.000001471175,298.000001877716
298.000001471204,298.000001877746
298.000001471234,298.000001877775
298.000001471263,298.000001877804
298.000001471263,298.000001877804
298.000001471292,298.000001877834
298.000001471321,298.000001877863
298.000001471321,298.000001877863
298.000001471388,298.00000187793
298.000001471455,298.000001877998
298.000001471522,298.000001878065
298.000001471522,298.000001878065
298.000001471556,298.000001878098
298.000001471556,298.000001878098
298.000001471556,298.000001878098
298.000001471556,298.000001878098
298.000001471556,298.000001878098
298.000001471556,298.000001878098
298.000001471556,298.000001878099
298.000001471556,298.000001878099
298.000001471556,298.000001878099
298.000001471556,298.000001878099
298.000001471556,298.000001878099
298.000001471556,298.000001878099
298.000001471556,298.000001878099
298.000001471556,298.000001878099
298.000001471556,298.000001878099
298.000001471556,298.000001878099
298.000001471556,298.000001878099
298.000001471556,298.000001878099
298.000001471556,298.000001878099
298.000001471556,298.000001878099
298.000001471556,298.000001878099
298.000001471556,298.000001878099
298.000001471556,298.000001878099
298.000001471556,298.000001878099
298.000001471556,298.000001878099
298.000001471557,298.0000018781
298.000001471557,298.0000018781
298.000001471557,298.0000018781
298.000001471557,298.0000018781
298.000001471557,298.0000018781
298.000001471557,298.0000018781
298.000001471557,298.0000018781
298.000001471557,298.0000018781
298.000001471557,298.0000018781
298.000001471558,298.000001878101
298.000001471558,298.000001878101
298.000001471558,298.000001878101
298.000001471558,298.000001878101
298.000001471558,298.000001878101
298.000001471558,298.000001878101
298.000001471559,298.000001878101
298.000001471559,298.000001878101
298.000001471559,298.000001878101
298.000001471559,298.000001878102
298.000001471559,298.000001878102
298.000001471559,298.000001878102
298.00000147156,298.000001878102
298.00000147156,298.000001878102
298.00000147156,298.000001878102
298.00000147156,298.000001878103
298.00000147156,298.000001878103
298.00000147156,298.000001878103
298.00000147156,298.000001878103
298.000001471561,298.000001878103
298.000001471561,298.000001878103
298.000001471561,298.000001878103
298.000001471562,298.000001878105
298.000001471562,298.000001878105
298.000001471562,298.000001878105
298.000001471564,298.000001878106
298.000001471564,298.000001878106
298.000001471564,298.000001878106
298.000001471565,298.000001878108
298.000001471565,298.000001878108
298.000001471565,298.000001878108
298.000001471567,298.00000187811
298.000001471567,298.00000187811
298.000001471567,298.00000187811
298.000001471581,298.000001878124
298.000001471581,298.000001878124
298.000001471581,298.000001878124
298.000001471595,298.000001878138
298.000001471595,298.000001878138
298.000001471595,298.000001878138
298.000001471609,298.000001878152
298.000001471609,298.000001878152
298.000001471609,298.000001878152
298.000001471623,298.000001878166
298.000001471623,298.000001878166
298.000001471623,298.000001878166
298.00000147164,298.000001878183
298.00000147164,298.000001878183
298.00000147164,298.000001878183
298.000001471657,298.000001878201
298.000001471657,298.000001878201
298.000001471657,298.000001878201
298.000001471657,298.000001878201
298.000001471675,298.000001878218
298.000001471675,298.000001878218
298.000001471675,298.000001878218
298.000001471692,298.000001878235
298.000001471692,298.000001878235
298.000001471692,298.000001878235
298.000001471709,298.000001878253
298.000001471709,298.000001878253
298.000001471709,298.000001878253
298.000001471727,298.00000187827
298.000001471727,298.00000187827
298.000001471727,298.00000187827
298.000001471729,298.000001878272
298.000001471729,298.000001878272
298.000001471729,298.000001878272
298.000001471729,298.000001878272
298.00000147173,298.000001878273
298.00000147173,298.000001878274
298.000001471731,298.000001878275
298.000001471733,298.000001878277
298.000001471739,298.000001878282
298.000001471743,298.000001878287
298.000001471785,298.000001878328
298.000001471859,298.000001878403
298.000001472014,298.000001878558
298.000001472132,298.000001878677
298.000001472367,298.000001878913
298.000001472679,298.000001879226
298.000001473067,298.000001879615
298.000001473454,298.000001880004
298.000001473816,298.000001880368
298.000001474541,298.000001881095
298.000001475266,298.000001881823
298.000001476288,298.000001882848
298.000001476798,298.000001883361
298.00000147782,298.000001884387
298.000001479113,298.000001885684
298.000001480405,298.000001886981
298.000001481051,298.00000188763
298.000001482612,298.000001889197
298.000001484173,298.000001890764
298.00000148587,298.000001892467
298.000001486786,298.000001893386
298.000001487379,298.000001893981
298.000001487386,298.000001893988
298.000001487462,298.000001894064
298.000001487819,298.000001894423
298.000001488139,298.000001894744
298.000001488779,298.000001895386
298.000001490316,298.000001896928
298.000001491853,298.000001898471
298.000001492622,298.000001899242
298.000001494882,298.000001901511
298.000001497142,298.000001903779
298.000001499555,298.0000019062
298.000001500837,298.000001907487
298.000001503403,298.000001910061
298.000001506103,298.000001912771
298.000001508937,298.000001915615
298.000001511772,298.000001918459
298.000001513321,298.000001920013
298.000001516417,298.00000192312
298.000001519514,298.000001926227
298.000001522903,298.000001929626
298.000001524597,298.000001931326
298.000001527986,298.000001934726
298.000001531641,298.000001938392
298.000001535296,298.000001942059
298.000001537123,298.000001943892
298.000001541068,298.000001947849
298.000001545013,298.000001951805
298.000001549104,298.000001955909
298.000001553341,298.000001960158
298.00000155546,298.000001962283
298.000001559846,298.000001966682
298.00000156438,298.000001971229
298.000001568915,298.000001975776
298.000001571347,298.000001978215
298.000001576211,298.000001983093
298.000001581076,298.00000198797
298.000001586233,298.000001993141
298.000001588811,298.000001995726
298.000001593968,298.000002000896
298.000001599441,298.000002006382
298.000001604913,298.000002011868
298.000001610548,298.000002017517
298.000001613447,298.000002020423
298.000001619246,298.000002026235
298.000001625212,298.000002032216
298.000001631347,298.000002038365
298.000001634415,298.000002041439
298.000001640728,298.000002047766
298.000001647218,298.00000205427
298.000001653709,298.000002060775
298.000001657306,298.000002064379
298.000001664499,298.000002071587
298.000001671693,298.000002078795
298.000001679448,298.000002086566
298.000001683326,298.000002090451
298.000001691082,298.000002098221
298.000001702487,298.000002109647
298.000001713893,298.000002121073
298.00000172952,298.000002136726
298.000001739445,298.000002146666
298.000001759295,298.000002166546
298.000001788583,298.000002195876
298.000001827313,298.000002234654
298.000001846679,298.000002254042
298.000001892972,298.000002300382
298.000001946826,298.000002354283
298.000002000687,298.000002408182
298.000002069448,298.000002476985
298.000002206989,298.000002614583
298.000002338804,298.000002746434
298.000002338804,298.000002746434
298.000002338804,298.000002746434
298.000002338804,298.000002746434
298.000002338805,298.000002746434
298.000002338805,298.000002746434
298.000002338805,298.000002746434
298.000002338805,298.000002746434
298.000002338806,298.000002746436
298.000002338807,298.000002746437
298.000002338807,298.000002746437
298.000002338808,298.000002746438
298.000002338808,298.000002746438
298.000002338809,298.000002746439
298.000002338809,298.000002746439
298.000002338813,298.000002746443
298.000002338816,298.000002746446
298.000002338816,298.000002746446
298.00000233882,298.000002746449
298.00000233882,298.000002746449
298.000002338823,298.000002746453
298.000002338844,298.000002746474
298.000002338844,298.000002746474
298.000002338864,298.000002746494
298.000002338864,298.000002746494
298.000002338885,298.000002746515
298.000002338885,298.000002746515
298.000002338906,298.000002746536
298.000002338988,298.000002746618
298.000002338988,298.000002746618
298.000002339071,298.0000027467
298.000002339071,298.0000027467
298.000002339153,298.000002746783
298.000002339153,298.000002746783
298.000002339235,298.000002746865
298.000002339318,298.000002746948
298.000002339318,298.000002746948
298.000002339416,298.000002747046
298.000002339416,298.000002747046
298.000002339514,298.000002747144
298.000002339514,298.000002747144
298.000002339612,298.000002747242
298.00000233971,298.00000274734
298.00000233971,298.00000274734
298.000002339808,298.000002747438
298.000002339808,298.000002747438
298.000002339924,298.000002747554
298.000002339924,298.000002747554
298.00000234004,298.00000274767
298.000002340156,298.000002747786
298.000002340156,298.000002747786
298.000002340272,298.000002747902
298.000002340272,298.000002747902
298.000002340388,298.000002748018
298.000002340523,298.000002748153
298.000002340523,298.000002748153
298.000002340658,298.000002748288
298.000002340658,298.000002748288
298.000002340793,298.000002748424
298.000002340793,298.000002748424
298.000002340928,298.000002748559
298.000002341064,298.000002748694
298.000002341064,298.000002748694
298.000002341205,298.000002748835
298.000002341205,298.000002748835
298.000002341346,298.000002748976
298.000002341346,298.000002748976
298.000002341487,298.000002749118
298.000002341629,298.000002749259
298.000002341629,298.000002749259
298.00000234177,298.0000027494
298.00000234177,298.0000027494
298.000002341935,298.000002749565
298.000002341935,298.000002749565
298.000002342099,298.00000274973
298.000002342264,298.000002749894
298.000002342264,298.000002749894
298.000002342429,298.000002750059
298.000002342429,298.000002750059
298.000002342593,298.000002750224
298.000002342593,298.000002750224
298.000002342776,298.000002750406
298.000002342958,298.000002750589
298.000002342958,298.000002750589
298.000002343141,298.000002750771
298.000002343141,298.000002750771
298.000002343323,298.000002750954
298.000002343506,298.000002751136
298.000002343506,298.000002751136
298.000002343688,298.000002751319
298.000002343688,298.000002751319
298.000002343884,298.000002751514
298.000002343884,298.000002751514
298.000002344079,298.00000275171
298.000002344274,298.000002751905
298.000002344274,298.000002751905
298.00000234447,298.000002752101
298.00000234447,298.000002752101
298.000002344665,298.000002752296
298.000002344665,298.000002752296
298.000002344878,298.000002752509
298.000002344878,298.000002752509
298.000002344878,298.000002752509
298.000002344878,298.000002752509
298.000002344878,298.000002752509
298.000002344879,298.00000275251
298.000002344879,298.00000275251
298.000002344879,298.00000275251
298.000002344879,298.00000275251
298.00000234488,298.000002752511
298.00000234488,298.000002752511
298.00000234488,298.000002752511
298.000002344881,298.000002752512
298.000002344881,298.000002752512
298.000002344881,298.000002752512
298.000002344882,298.000002752513
298.000002344882,298.000002752513
298.000002344883,298.000002752514
298.000002344883,298.000002752514
298.000002344884,298.000002752515
298.000002344884,298.000002752515
298.000002344885,298.000002752516
298.000002344886,298.000002752517
298.000002344887,298.000002752518
298.000002344888,298.000002752519
298.000002344888,298.000002752519
298.000002344889,298.000002752521
298.00000234489,298.000002752521
298.000002344892,298.000002752523
298.000002344893,298.000002752524
298.000002344894,298.000002752525
298.000002344896,298.000002752527
298.000002344896,298.000002752528
298.000002344898,298.000002752529
298.000002344901,298.000002752532
298.000002344902,298.000002752533
298.000002344904,298.000002752536
298.000002344906,298.000002752537
298.000002344909,298.000002752541
298.000002344913,298.000002752544
298.000002344915,298.000002752546
298.00000234492,298.000002752551
298.000002344922,298.000002752553
298.000002344928,298.000002752559
298.000002344935,298.000002752566
298.000002344939,298.00000275257
298.000002344956,298.000002752587
298.000002344964,298.000002752595
298.000002344987,298.000002752618
298.000002345016,298.000002752647
298.000002345031,298.000002752662
298.000002345066,298.000002752698
298.000002345088,298.000002752719
298.000002345131,298.000002752762
298.000002345182,298.000002752813
298.000002345212,298.000002752843
298.000002345271,298.000002752902
298.000002345301,298.000002752932
298.000002345377,298.000002753008
298.000002345453,298.000002753084
298.000002345491,298.000002753122
298.000002345585,298.000002753216
298.000002345632,298.000002753263
298.000002345726,298.000002753357
298.000002345851,298.000002753482
298.000002345914,298.000002753545
298.000002346039,298.00000275367
298.000002346117,298.000002753748
298.000002346272,298.000002753903
298.000002346428,298.000002754059
298.000002346523,298.000002754154
298.000002346714,298.000002754345
298.00000234681,298.000002754441
298.000002347022,298.000002754653
298.000002347254,298.000002754886
298.000002347371,298.000002755002
298.000002347624,298.000002755255
298.000002347761,298.000002755392
298.000002348034,298.000002755666
298.000002348171,298.000002755803
298.000002348492,298.000002756124
298.000002348813,298.000002756445
298.000002348974,298.000002756605
298.000002349344,298.000002756975
298.000002349528,298.00000275716
298.000002349898,298.00000275753
298.00000235032,298.000002757952
298.00000235053,298.000002758162
298.000002350951,298.000002758583
298.000002351188,298.00000275882
298.00000235166,298.000002759293
298.000002352133,298.000002759766
298.000002352396,298.000002760028
298.00000235292,298.000002760553
298.000002353183,298.000002760815
298.000002353734,298.000002761367
298.000002354313,298.000002761946
298.000002354602,298.000002762235
298.000002355209,298.000002762842
298.000002355527,298.00000276316
298.000002356159,298.000002763792
298.000002356159,298.000002763792
298.000002356159,298.000002763792
298.000002356159,298.000002763792
298.000002356159,298.000002763792
298.000002356159,298.000002763792
298.000002356159,298.000002763792
298.000002356159,298.000002763792
298.000002356159,298.000002763792
298.000002356159,298.000002763792
298.000002356159,298.000002763793
298.000002356159,298.000002763793
298.000002356159,298.000002763793
298.000002356159,298.000002763793
298.000002356159,298.000002763793
298.000002356159,298.000002763793
298.00000235616,298.000002763793
298.00000235616,298.000002763793
298.00000235616,298.000002763793
298.00000235616,298.000002763793
298.00000235616,298.000002763794
298.00000235616,298.000002763794
298.00000235616,298.000002763794
298.000002356161,298.000002763794
298.000002356161,298.000002763794
298.000002356161,298.000002763794
298.000002356161,298.000002763795
298.000002356161,298.000002763795
298.000002356162,298.000002763795
298.000002356162,298.000002763795
298.000002356162,298.000002763795
298.000002356162,298.000002763796
298.000002356163,298.000002763796
298.000002356163,298.000002763796
298.000002356164,298.000002763797
298.000002356164,298.000002763798
298.000002356164,298.000002763798
298.000002356165,298.000002763798
298.000002356166,298.000002763799
298.000002356166,298.000002763799
298.000002356166,298.0000027638
298.000002356167,298.000002763801
298.000002356167,298.000002763801
298.000002356169,298.000002763802
298.00000235617,298.000002763803
298.00000235617,298.000002763803
298.000002356171,298.000002763805
298.000002356173,298.000002763806
298.000002356173,298.000002763806
298.000002356174,298.000002763808
298.000002356176,298.000002763809
298.000002356176,298.000002763809
298.000002356178,298.000002763811
298.000002356179,298.000002763813
298.000002356179,298.000002763813
298.000002356182,298.000002763816
298.000002356185,298.000002763819
298.000002356185,298.000002763819
298.000002356188,298.000002763822
298.000002356192,298.000002763825
298.000002356192,298.000002763825
298.000002356195,298.000002763828
298.000002356201,298.000002763834
298.000002356201,298.000002763834
298.000002356207,298.00000276384
298.000002356213,298.000002763846
298.000002356213,298.000002763846
298.000002356219,298.000002763852
298.000002356225,298.000002763859
298.000002356225,298.000002763859
298.000002356237,298.000002763871
298.000002356249,298.000002763883
298.000002356249,298.000002763883
298.000002356261,298.000002763895
298.000002356274,298.000002763907
298.000002356274,298.000002763907
298.000002356286,298.000002763919
298.000002356306,298.00000276394
298.000002356306,298.00000276394
298.000002356327,298.000002763961
298.000002356348,298.000002763981
298.000002356348,298.000002763981
298.000002356369,298.000002764002
298.00000235639,298.000002764023
298.00000235639,298.000002764023
298.000002356414,298.000002764048
298.000002356439,298.000002764072
298.000002356439,298.000002764072
298.000002356463,298.000002764097
298.000002356488,298.000002764121
298.000002356488,298.000002764121
298.000002356513,298.000002764146
298.00000235657,298.000002764204
298.00000235657,298.000002764204
298.000002356628,298.000002764261
298.000002356686,298.000002764319
298.000002356686,298.000002764319
298.000002356743,298.000002764377
298.000002356801,298.000002764434
298.000002356801,298.000002764434
298.000002356853,298.000002764486
298.000002356853,298.000002764486
298.000002356853,298.000002764486
298.000002356853,298.000002764486
298.000002356853,298.000002764486
298.000002356853,298.000002764486
298.000002356853,298.000002764486
298.000002356853,298.000002764486
298.000002356853,298.000002764486
298.000002356853,298.000002764487
298.000002356853,298.000002764487
298.000002356853,298.000002764487
298.000002356853,298.000002764487
298.000002356853,298.000002764487
298.000002356853,298.000002764487
298.000002356853,298.000002764487
298.000002356853,298.000002764487
298.000002356853,298.000002764487
298.000002356853,298.000002764487
298.000002356854,298.000002764487
298.000002356854,298.000002764487
298.000002356854,298.000002764487
298.000002356854,298.000002764487
298.000002356854,298.000002764487
298.000002356854,298.000002764487
298.000002356854,298.000002764488
298.000002356854,298.000002764488
298.000002356854,298.000002764488
298.000002356855,298.000002764488
298.000002356855,298.000002764488
298.000002356855,298.000002764488
298.000002356855,298.000002764488
298.000002356855,298.000002764488
298.000002356855,298.000002764488
298.000002356855,298.000002764489
298.000002356855,298.000002764489
298.000002356855,298.000002764489
298.000002356856,298.000002764489
298.000002356856,298.000002764489
298.000002356856,298.000002764489
298.000002356856,298.00000276449
298.000002356856,298.00000276449
298.000002356856,298.00000276449
298.000002356857,298.00000276449
298.000002356857,298.00000276449
298.000002356857,298.00000276449
298.000002356857,298.000002764491
298.000002356857,298.000002764491
298.000002356857,298.000002764491
298.000002356858,298.000002764491
298.000002356858,298.000002764491
298.000002356858,298.000002764491
298.000002356858,298.000002764491
298.000002356859,298.000002764492
298.000002356859,298.000002764492
298.000002356859,298.000002764492
298.000002356861,298.000002764494
298.000002356861,298.000002764494
298.000002356861,298.000002764494
298.000002356863,298.000002764496
298.000002356863,298.000002764496
298.000002356863,298.000002764496
298.000002356865,298.000002764498
298.000002356865,298.000002764498
298.000002356865,298.000002764498
298.000002356867,298.0000027645
298.000002356867,298.0000027645
298.000002356867,298.0000027645
298.000002356879,298.000002764513
298.000002356879,298.000002764513
298.000002356879,298.000002764513
298.000002356892,298.000002764525
298.000002356892,298.000002764525
298.000002356892,298.000002764525
298.000002356905,298.000002764538
298.000002356905,298.000002764538
298.000002356905,298.000002764538
298.000002356917,298.000002764551
298.000002356917,298.000002764551
298.000002356917,298.000002764551
298.000002356935,298.000002764568
298.000002356935,298.000002764568
298.000002356935,298.000002764568
298.000002356952,298.000002764585
298.000002356952,298.000002764585
298.000002356952,298.000002764585
298.000002356952,298.000002764585
298.000002356969,298.000002764603
298.000002356969,298.000002764603
298.000002356969,298.000002764603
298.000002356987,298.00000276462
298.000002356987,298.00000276462
298.000002356987,298.00000276462
298.000002357004,298.000002764637
298.000002357004,298.000002764637
298.000002357004,298.000002764637
298.000002357021,298.000002764655
298.000002357021,298.000002764655
298.000002357021,298.000002764655
298.000002357027,298.00000276466
298.000002357027,298.00000276466
298.000002357027,298.00000276466
298.000002357027,298.000002764661
298.000002357027,298.000002764661
298.000002357028,298.000002764662
298.000002357029,298.000002764663
298.000002357032,298.000002764665
298.000002357033,298.000002764666
298.000002357042,298.000002764675
298.000002357088,298.000002764722
298.000002357172,298.000002764805
298.000002357214,298.000002764847
298.000002357451,298.000002765084
298.000002357688,298.000002765322
298.000002357807,298.00000276544
298.000002358191,298.000002765824
298.000002358575,298.000002766209
298.000002359173,298.000002766807
298.000002359578,298.000002767212
298.000002360389,298.000002768024
298.000002361392,298.000002769027
298.000002362587,298.000002770222
298.000002363184,298.000002770819
298.000002364552,298.000002772187
298.000002366094,298.000002773729
298.000002366864,298.0000027745
298.000002368561,298.000002776197
298.000002370413,298.000002778049
298.000002372265,298.000002779902
298.000002373372,298.000002781009
298.000002375586,298.000002783223
298.000002375704,298.000002783341
298.000002375713,298.00000278335
298.000002375759,298.000002783396
298.000002375851,298.000002783488
298.000002376654,298.000002784291
298.000002377055,298.000002784692
298.000002378406,298.000002786044
298.000002380307,298.000002787945
298.000002382208,298.000002789846
298.000002383604,298.000002791243
298.000002386397,298.000002794036
298.00000238919,298.000002796829
298.00000239238,298.00000280002
298.000002393976,298.000002801616
298.000002397166,298.000002804807
298.000002400735,298.000002808376
298.000002402519,298.000002810161
298.000002406087,298.00000281373
298.000002410027,298.00000281767
298.000002413966,298.00000282161
298.000002415936,298.00000282358
298.000002420248,298.000002827893
298.000002424559,298.000002832205
298.000002429071,298.000002836717
298.000002431426,298.000002839073
298.000002436137,298.000002843784
298.000002441042,298.00000284869
298.000002443592,298.000002851241
298.000002448693,298.000002856342
298.000002453985,298.000002861635
298.000002459468,298.000002867119
298.00000246221,298.000002869861
298.000002467904,298.000002875556
298.000002473808,298.000002881461
298.000002479713,298.000002887366
298.000002482868,298.000002890522
298.000002489178,298.000002896833
298.000002495489,298.000002903144
298.000002498859,298.000002906515
298.000002505599,298.000002913256
298.00000251234,298.000002919997
298.000002519519,298.000002927178
298.000002523109,298.000002930768
298.000002530289,298.000002937948
298.000002537948,298.000002945608
298.000002545607,298.000002953268
298.000002549437,298.000002957098
298.000002557482,298.000002965144
298.000002565527,298.00000297319
298.000002569549,298.000002977213
298.000002578052,298.000002985717
298.000002586555,298.000002994221
298.000002595552,298.000003003218
298.000002600298,298.000003007964
298.000002609788,298.000003017455
298.000002621673,298.000003029341
298.000002635953,298.000003043622
298.000002643092,298.000003050762
298.000002660093,298.000003067764
298.000002679815,298.000003087488
298.000002689676,298.000003097349
298.000002718379,298.000003126054
298.000002756064,298.000003163741
298.000002793749,298.000003201427
298.000002821393,298.000003229073
298.000002876683,298.000003284365
298.000002931973,298.000003339656
298.000003050391,298.000003458078
298.000003109601,298.000003517288
298.000003224862,298.00000363255
298.000003224862,298.00000363255
298.000003224862,298.00000363255
298.000003224862,298.00000363255
298.000003224862,298.00000363255
298.000003224862,298.00000363255
298.000003224862,298.000003632551
298.000003224862,298.000003632551
298.000003224863,298.000003632552
298.000003224864,298.000003632553
298.000003224864,298.000003632553
298.000003224866,298.000003632554
298.000003224866,298.000003632554
298.000003224867,298.000003632555
298.000003224867,298.000003632555
298.00000322487,298.000003632559
298.000003224874,298.000003632562
298.000003224874,298.000003632562
298.000003224877,298.000003632566
298.000003224877,298.000003632566
298.000003224881,298.000003632569
298.000003224901,298.00000363259
298.000003224901,298.00000363259
298.000003224922,298.00000363261
298.000003224922,298.00000363261
298.000003224942,298.000003632631
298.000003224942,298.000003632631
298.000003224963,298.000003632651
298.000003225045,298.000003632733
298.000003225045,298.000003632733
298.000003225127,298.000003632815
298.000003225127,298.000003632815
298.000003225209,298.000003632897
298.000003225209,298.000003632897
298.000003225291,298.000003632979
298.000003225373,298.000003633061
298.000003225373,298.000003633061
298.00000322547,298.000003633159
298.00000322547,298.000003633159
298.000003225568,298.000003633256
298.000003225568,298.000003633256
298.000003225665,298.000003633354
298.000003225763,298.000003633451
298.000003225763,298.000003633451
298.00000322586,298.000003633549
298.00000322586,298.000003633549
298.000003225976,298.000003633664
298.000003225976,298.000003633664
298.000003226091,298.000003633779
298.000003226206,298.000003633894
298.000003226206,298.000003633894
298.000003226321,298.00000363401
298.000003226321,298.00000363401
298.000003226436,298.000003634125
298.000003226571,298.000003634259
298.000003226571,298.000003634259
298.000003226705,298.000003634393
298.000003226705,298.000003634393
298.000003226839,298.000003634528
298.000003226839,298.000003634528
298.000003226973,298.000003634662
298.000003227108,298.000003634796
298.000003227108,298.000003634796
298.000003227245,298.000003634934
298.000003227245,298.000003634934
298.000003227383,298.000003635072
298.000003227383,298.000003635072
298.000003227521,298.000003635209
298.000003227659,298.000003635347
298.000003227659,298.000003635347
298.000003227796,298.000003635485
298.000003227796,298.000003635485
298.00000322796,298.000003635649
298.00000322796,298.000003635649
298.000003228125,298.000003635813
298.000003228289,298.000003635977
298.000003228289,298.000003635977
298.000003228452,298.000003636141
298.000003228452,298.000003636141
298.000003228617,298.000003636305
298.000003228617,298.000003636305
298.000003228798,298.000003636486
298.000003228979,298.000003636667
298.000003228979,298.000003636667
298.00000322916,298.000003636848
298.00000322916,298.000003636848
298.000003229341,298.000003637029
298.000003229522,298.00000363721
298.000003229522,298.00000363721
298.000003229705,298.000003637393
298.000003229705,298.000003637393
298.000003229888,298.000003637576
298.000003229888,298.000003637576
298.000003230071,298.000003637759
298.000003230254,298.000003637942
298.000003230254,298.000003637942
298.000003230436,298.000003638125
298.000003230436,298.000003638125
298.000003230699,298.000003638387
298.000003230699,298.000003638387
298.000003230937,298.000003638625
298.000003230937,298.000003638625
298.000003230937,298.000003638625
298.000003230937,298.000003638625
298.000003230937,298.000003638625
298.000003230937,298.000003638625
298.000003230937,298.000003638626
298.000003230937,298.000003638626
298.000003230938,298.000003638626
298.000003230938,298.000003638626
298.000003230938,298.000003638627
298.000003230938,298.000003638627
298.000003230939,298.000003638627
298.000003230939,298.000003638628
298.00000323094,298.000003638628
298.00000323094,298.000003638629
298.00000323094,298.000003638629
298.000003230941,298.000003638629
298.000003230941,298.00000363863
298.000003230942,298.000003638631
298.000003230943,298.000003638631
298.000003230943,298.000003638632
298.000003230944,298.000003638633
298.000003230945,298.000003638634
298.000003230946,298.000003638634
298.000003230947,298.000003638635
298.000003230947,298.000003638636
298.000003230949,298.000003638637
298.00000323095,298.000003638638
298.000003230951,298.000003638639
298.000003230952,298.000003638641
298.000003230953,298.000003638641
298.000003230955,298.000003638643
298.000003230957,298.000003638645
298.000003230958,298.000003638646
298.00000323096,298.000003638649
298.000003230963,298.000003638651
298.000003230964,298.000003638653
298.000003230967,298.000003638656
298.000003230969,298.000003638657
298.000003230973,298.000003638661
298.000003230977,298.000003638665
298.000003230979,298.000003638667
298.000003230985,298.000003638674
298.000003230988,298.000003638677
298.000003230998,298.000003638687
298.000003231012,298.000003638701
298.000003231019,298.000003638708
298.000003231046,298.000003638735
298.000003231073,298.000003638762
298.000003231087,298.000003638775
298.000003231126,298.000003638815
298.000003231146,298.000003638834
298.000003231185,298.000003638874
298.00000323124,298.000003638928
298.000003231267,298.000003638955
298.000003231321,298.00000363901
298.000003231394,298.000003639082
298.00000323143,298.000003639118
298.000003231502,298.00000363919
298.000003231546,298.000003639235
298.000003231635,298.000003639323
298.000003231724,298.000003639412
298.000003231782,298.00000363947
298.000003231898,298.000003639586
298.000003231956,298.000003639644
298.000003232087,298.000003639775
298.000003232232,298.000003639921
298.000003232305,298.000003639994
298.000003232469,298.000003640158
298.000003232651,298.00000364034
298.000003232742,298.000003640431
298.000003232943,298.000003640632
298.000003233053,298.000003640741
298.000003233272,298.000003640961
298.000003233514,298.000003641203
298.000003233646,298.000003641335
298.00000323391,298.000003641599
298.000003234042,298.000003641731
298.000003234349,298.000003642037
298.000003234655,298.000003642344
298.000003234808,298.000003642497
298.000003235167,298.000003642855
298.000003235525,298.000003643213
298.000003235704,298.000003643392
298.00000323611,298.000003643798
298.000003236313,298.000003644001
298.000003236718,298.000003644407
298.000003237176,298.000003644865
298.000003237405,298.000003645094
298.000003237863,298.000003645552
298.00000323812,298.000003645808
298.000003238633,298.000003646321
298.000003239145,298.000003646834
298.00000323943,298.000003647119
298.000003240001,298.000003647689
298.000003240571,298.000003648259
298.000003240881,298.00000364857
298.000003241502,298.000003649191
298.000003241813,298.000003649501
298.000003242219,298.000003649908
