0,RP-XXX-RAF
0.000322607416498747,RP-XXX-RAF
0.000322607416498747,RP-XXX-RAF
0.000645214832997494,RP-XXX-RAF
0.000645214832997494,RP-XXX-RAF
0.000967822249496242,RP-XXX-RAF
0.000967822249496242,RP-XXX-RAF
0.00254606935709387,RP-XXX-RAF
0.00412431646469151,RP-XXX-RAF
0.00412431646469151,RP-XXX-RAF
0.00570256357228914,RP-XXX-RAF
0.00570256357228914,RP-XXX-RAF
0.00728081067988677,RP-XXX-RAF
0.00728081067988677,RP-XXX-RAF
0.0100639440053587,RP-XXX-RAF
0.0100639440053587,RP-XXX-RAF
0.0128470773308306,RP-XXX-RAF
0.0156302106563026,RP-XXX-RAF
0.0156302106563026,RP-XXX-RAF
0.0184133439817745,RP-XXX-RAF
0.0184133439817745,RP-XXX-RAF
0.0211964773072464,RP-XXX-RAF
0.0211964773072464,RP-XXX-RAF
0.0270013802992452,RP-XXX-RAF
0.0328062832912439,RP-XXX-RAF
0.0328062832912439,RP-XXX-RAF
0.0386111862832427,RP-XXX-RAF
0.0386111862832427,RP-XXX-RAF
0.0444160892752414,RP-XXX-RAF
0.0444160892752414,RP-XXX-RAF
0.0502209922672401,RP-XXX-RAF
0.0584942241812257,RP-XXX-RAF
0.0584942241812257,RP-XXX-RAF
0.0667674560952113,RP-XXX-RAF
0.0667674560952113,RP-XXX-RAF
0.0750406880091969,RP-XXX-RAF
0.0750406880091969,RP-XXX-RAF
0.0833139199231825,RP-XXX-RAF
0.0833139199231825,RP-XXX-RAF
0.091587151837168,RP-XXX-RAF
0.106942525934292,RP-XXX-RAF
0.106942525934292,RP-XXX-RAF
0.122297900031417,RP-XXX-RAF
0.122297900031417,RP-XXX-RAF
0.137653274128541,RP-XXX-RAF
0.137653274128541,RP-XXX-RAF
0.153008648225665,RP-XXX-RAF
0.16836402232279,RP-XXX-RAF
0.16836402232279,RP-XXX-RAF
0.193636752168081,RP-XXX-RAF
0.193636752168081,RP-XXX-RAF
0.218909482013373,RP-XXX-RAF
0.218909482013373,RP-XXX-RAF
0.244182211858664,RP-XXX-RAF
0.269454941703956,RP-XXX-RAF
0.269454941703956,RP-XXX-RAF
0.294727671549247,RP-XXX-RAF
0.294727671549247,RP-XXX-RAF
0.341262204824479,RP-XXX-RAF
0.341262204824479,RP-XXX-RAF
0.387796738099712,RP-XXX-RAF
0.434331271374944,RP-XXX-RAF
0.434331271374944,RP-XXX-RAF
0.480865804650176,RP-XXX-RAF
0.480865804650176,RP-XXX-RAF
0.527400337925408,RP-XXX-RAF
0.527400337925408,RP-XXX-RAF
0.587104856790497,RP-XXX-RAF
0.587104856790497,RP-XXX-RAF
0.646809375655585,RP-XXX-RAF
0.706513894520674,RP-XXX-RAF
0.706513894520674,RP-XXX-RAF
0.766218413385762,RP-XXX-RAF
0.766218413385762,RP-XXX-RAF
0.825922932250851,RP-XXX-RAF
0.825922932250851,RP-XXX-RAF
0.952408753900297,RP-XXX-RAF
1.07889457554974,RP-XXX-RAF
1.07889457554974,RP-XXX-RAF
1.20538039719919,RP-XXX-RAF
1.20538039719919,RP-XXX-RAF
1.33186621884864,RP-XXX-RAF
1.33186621884864,RP-XXX-RAF
1.45835204049808,RP-XXX-RAF
1.66461198645284,RP-XXX-RAF
1.66461198645284,RP-XXX-RAF
1.8708719324076,RP-XXX-RAF
1.8708719324076,RP-XXX-RAF
2.07713187836236,RP-XXX-RAF
2.07713187836236,RP-XXX-RAF
2.28339182431712,RP-XXX-RAF
2.28339182431712,RP-XXX-RAF
2.48965177027188,RP-XXX-RAF
2.88965177027188,RP-XXX-RAF
2.88965177027188,RP-XXX-RAF
3.28965177027188,RP-XXX-RAF
3.28965177027188,RP-XXX-RAF
3.68965177027188,RP-XXX-RAF
3.68965177027188,RP-XXX-RAF
4,RP-XXX-RAF
4,RP-FEE-XXX
4,RP-FEE-XXX
4.00023745239453,RP-FEE-XXX
4.00023745239453,RP-FEE-XXX
4.00023745239453,RP-FEE-XXX
4.00047490478906,RP-FEE-XXX
4.00047490478906,RP-FEE-XXX
4.00047490478906,RP-FEE-XXX
4.00071235718359,RP-FEE-XXX
4.00071235718359,RP-FEE-XXX
4.00071235718359,RP-FEE-XXX
4.00166146280705,RP-FEE-XXX
4.00166146280705,RP-FEE-XXX
4.00166146280705,RP-FEE-XXX
4.00261056843051,RP-FEE-XXX
4.00261056843051,RP-FEE-XXX
4.00261056843051,RP-FEE-XXX
4.00355967405397,RP-FEE-XXX
4.00355967405397,RP-FEE-XXX
4.00450877967742,RP-FEE-XXX
4.00450877967742,RP-FEE-XXX
4.00450877967742,RP-FEE-XXX
4.00659440808332,RP-FEE-XXX
4.00659440808332,RP-FEE-XXX
4.00659440808332,RP-FEE-XXX
4.00868003648922,RP-FEE-XXX
4.00868003648922,RP-FEE-XXX
4.00868003648922,RP-FEE-XXX
4.01076566489512,RP-FEE-XXX
4.01076566489512,RP-FEE-XXX
4.01076566489512,RP-FEE-XXX
4.01285129330101,RP-FEE-XXX
4.01285129330101,RP-FEE-XXX
4.01285129330101,RP-FEE-XXX
4.01493692170691,RP-FEE-XXX
4.01493692170691,RP-FEE-XXX
4.01493692170691,RP-FEE-XXX
4.01784984210289,RP-FEE-XXX
4.01784984210289,RP-FEE-XXX
4.01784984210289,RP-FEE-XXX
4.02076276249886,RP-FEE-XXX
4.02076276249886,RP-FEE-XXX
4.02076276249886,RP-FEE-XXX
4.02367568289484,RP-FEE-XXX
4.02367568289484,RP-FEE-XXX
4.02367568289484,RP-FEE-XXX
4.02658860329081,RP-FEE-XXX
4.02658860329081,RP-FEE-XXX
4.02658860329081,RP-FEE-XXX
4.02950152368679,RP-FEE-XXX
4.02950152368679,RP-FEE-XXX
4.03629037427095,RP-FEE-XXX
4.03629037427095,RP-FEE-XXX
4.03629037427095,RP-FEE-XXX
4.04307922485512,RP-FEE-XXX
4.04307922485512,RP-FEE-XXX
4.04307922485512,RP-FEE-XXX
4.04986807543929,RP-FEE-XXX
4.04986807543929,RP-FEE-XXX
4.04986807543929,RP-FEE-XXX
4.05665692602346,RP-FEE-XXX
4.05665692602346,RP-FEE-XXX
4.05665692602346,RP-FEE-XXX
4.0837046417389,RP-FEE-XXX
4.0837046417389,RP-FEE-XXX
4.0837046417389,RP-FEE-XXX
4.11075235745434,RP-FEE-XXX
4.11075235745434,RP-FEE-XXX
4.11075235745434,RP-FEE-XXX
4.13780007316978,RP-FEE-XXX
4.13780007316978,RP-FEE-XXX
4.13780007316978,RP-FEE-XXX
4.16484778888522,RP-FEE-XXX
4.16484778888522,RP-FEE-XXX
4.16484778888522,RP-FEE-XXX
4.25088169296317,RP-FEE-XXX
4.25088169296317,RP-FEE-XXX
4.25088169296317,RP-FEE-XXX
4.33691559704112,RP-FEE-XXX
4.33691559704112,RP-FEE-XXX
4.33691559704112,RP-FEE-XXX
4.42294950111906,RP-FEE-XXX
4.42294950111906,RP-FEE-XXX
4.50898340519701,RP-FEE-XXX
4.50898340519701,RP-FEE-XXX
4.50898340519701,RP-FEE-XXX
4.59501730927496,RP-FEE-XXX
4.59501730927496,RP-FEE-XXX
4.59501730927496,RP-FEE-XXX
4.69501730927496,RP-FEE-XXX
4.69501730927496,RP-FEE-XXX
4.69501730927496,RP-FEE-XXX
4.79501730927496,RP-FEE-XXX
4.79501730927496,RP-FEE-XXX
4.79501730927496,RP-FEE-XXX
4.89501730927496,RP-FEE-XXX
4.89501730927496,RP-FEE-XXX
4.89501730927496,RP-FEE-XXX
5,RP-FEE-XXX
5,RP-FEE-XXX
5,HP-FEE-RAF
5.00258731240584,HP-FEE-RAF
5.0069376882327,HP-FEE-RAF
5.01305112748057,HP-FEE-RAF
5.0161078471045,HP-FEE-RAF
5.02815755053749,HP-FEE-RAF
5.06040526199189,HP-FEE-RAF
5.1128509814677,HP-FEE-RAF
5.40116594737092,HP-FEE-RAF
5.68948091327414,HP-FEE-RAF
6.4767181296003,HP-FEE-RAF
6.87033673776339,HP-FEE-RAF
7.65757395408955,HP-FEE-RAF
9.33651619811992,HP-FEE-RAF
11.0154584421503,HP-FEE-RAF
13.231460951691,HP-FEE-RAF
15.984523726742,HP-FEE-RAF
18.7375865017929,HP-FEE-RAF
20.6436383111214,HP-FEE-RAF
24.4557419297785,HP-FEE-RAF
28.2678455484355,HP-FEE-RAF
33.4225055345617,HP-FEE-RAF
39.9197218881573,HP-FEE-RAF
46.4169382417529,HP-FEE-RAF
53.7783961376504,HP-FEE-RAF
57.8912458567501,HP-FEE-RAF
61.289175507483,HP-FEE-RAF
61.3754951648005,HP-FEE-RAF
62.2386917379762,HP-FEE-RAF
63.9440186552602,HP-FEE-RAF
66.4914759166525,HP-FEE-RAF
70.5898608140619,HP-FEE-RAF
73.4145170807751,HP-FEE-RAF
79.0638296142015,HP-FEE-RAF
86.266096982798,HP-FEE-RAF
95.0213191865644,HP-FEE-RAF
103.776541390331,HP-FEE-RAF
113.88778552855,HP-FEE-RAF
125.355051601221,HP-FEE-RAF
131.088684637557,HP-FEE-RAF
142.555950710228,HP-FEE-RAF
155.89621369852,HP-FEE-RAF
169.236476686811,HP-FEE-RAF
182.576739675103,HP-FEE-RAF
197.524481272238,HP-FEE-RAF
212.472222869373,HP-FEE-RAF
219.946093667941,HP-FEE-RAF
235.753992152705,HP-FEE-RAF
252.4220475251,HP-FEE-RAF
269.090102897494,HP-FEE-RAF
286.594597074637,HP-FEE-RAF
304.935530056529,HP-FEE-RAF
323.276463038421,HP-FEE-RAF
342.463917874907,HP-FEE-RAF
352.480906220447,HP-FEE-RAF
372.514882911527,HP-FEE-RAF
392.548859602607,HP-FEE-RAF
414.382725998087,HP-FEE-RAF
436.216592393568,HP-FEE-RAF
458.050458789049,HP-FEE-RAF
481.627134421671,HP-FEE-RAF
493.415472237981,HP-FEE-RAF
516.992147870603,HP-FEE-RAF
541.478173005966,HP-FEE-RAF
566.873547644068,HP-FEE-RAF
592.26892228217,HP-FEE-RAF
618.62675248527,HP-FEE-RAF
645.947038253368,HP-FEE-RAF
659.607181137416,HP-FEE-RAF
686.927466905514,HP-FEE-RAF
716.098062115931,HP-FEE-RAF
745.268657326349,HP-FEE-RAF
774.439252536767,HP-FEE-RAF
805.592580553837,HP-FEE-RAF
836.745908570908,HP-FEE-RAF
852.322572579443,HP-FEE-RAF
884.495786738686,HP-FEE-RAF
917.688887040102,HP-FEE-RAF
950.881987341517,HP-FEE-RAF
986.829513262805,HP-FEE-RAF
1025.53146480396,HP-FEE-RAF
1064.23341634512,HP-FEE-RAF
1083.5843921157,HP-FEE-RAF
1126.23265600256,HP-FEE-RAF
1168.88091988942,HP-FEE-RAF
1211.52918377629,HP-FEE-RAF
1270.88708209891,HP-FEE-RAF
1330.24498042153,HP-FEE-RAF
1389.60287874415,HP-FEE-RAF
1452.64285955085,HP-FEE-RAF
1578.72282116427,HP-FEE-RAF
1704.80278277768,HP-FEE-RAF
1925.28804292853,HP-FEE-RAF
2145.77330307937,HP-FEE-RAF
2410.79607421386,HP-FEE-RAF
2720.35635633198,HP-FEE-RAF
2875.13649739105,HP-FEE-RAF
3439.44504990231,HP-FEE-RAF
4258.50187280672,HP-FEE-RAF
5005,HP-FEE-RAF
5005,DP-ATM-XXX
5005.00085149326,DP-ATM-XXX
5005.00085149326,DP-ATM-XXX
5005.00170298651,DP-ATM-XXX
5005.00170298651,DP-ATM-XXX
5005.00255447977,DP-ATM-XXX
5005.00255447977,DP-ATM-XXX
5005.0093423052,DP-ATM-XXX
5005.01613013064,DP-ATM-XXX
5005.01613013064,DP-ATM-XXX
5005.02291795608,DP-ATM-XXX
5005.02291795608,DP-ATM-XXX
5005.02970578152,DP-ATM-XXX
5005.02970578152,DP-ATM-XXX
5005.04986826633,DP-ATM-XXX
5005.04986826633,DP-ATM-XXX
5005.07003075115,DP-ATM-XXX
5005.09019323596,DP-ATM-XXX
5005.09019323596,DP-ATM-XXX
5005.11035572078,DP-ATM-XXX
5005.11035572078,DP-ATM-XXX
5005.22998537759,DP-ATM-XXX
5005.22998537759,DP-ATM-XXX
5005.34961503441,DP-ATM-XXX
5005.46924469122,DP-ATM-XXX
5005.46924469122,DP-ATM-XXX
5005.58887434804,DP-ATM-XXX
5005.58887434804,DP-ATM-XXX
5006.06650636483,DP-ATM-XXX
5006.06650636483,DP-ATM-XXX
5006.54413838162,DP-ATM-XXX
5007.02177039841,DP-ATM-XXX
5007.02177039841,DP-ATM-XXX
5007.4994024152,DP-ATM-XXX
5007.4994024152,DP-ATM-XXX
5007.97703443199,DP-ATM-XXX
5007.97703443199,DP-ATM-XXX
5008.54619950869,DP-ATM-XXX
5008.54619950869,DP-ATM-XXX
5009.11536458538,DP-ATM-XXX
5009.68452966207,DP-ATM-XXX
5009.68452966207,DP-ATM-XXX
5010.25369473876,DP-ATM-XXX
5010.25369473876,DP-ATM-XXX
5010.82285981545,DP-ATM-XXX
5010.82285981545,DP-ATM-XXX
5011.49561488344,DP-ATM-XXX
5012.16836995143,DP-ATM-XXX
5012.16836995143,DP-ATM-XXX
5012.84112501942,DP-ATM-XXX
5012.84112501942,DP-ATM-XXX
5013.51388008741,DP-ATM-XXX
5013.51388008741,DP-ATM-XXX
5014.1866351554,DP-ATM-XXX
5014.97149285363,DP-ATM-XXX
5014.97149285363,DP-ATM-XXX
5015.75635055185,DP-ATM-XXX
5015.75635055185,DP-ATM-XXX
5016.54120825008,DP-ATM-XXX
5016.54120825008,DP-ATM-XXX
5017.32606594831,DP-ATM-XXX
5018.11092364654,DP-ATM-XXX
5018.11092364654,DP-ATM-XXX
5018.95801412421,DP-ATM-XXX
5018.95801412421,DP-ATM-XXX
5019.80510460188,DP-ATM-XXX
5019.80510460188,DP-ATM-XXX
5020.65219507955,DP-ATM-XXX
5020.65219507955,DP-ATM-XXX
5021.49928555723,DP-ATM-XXX
5022.3463760349,DP-ATM-XXX
5022.3463760349,DP-ATM-XXX
5023.26868315925,DP-ATM-XXX
5023.26868315925,DP-ATM-XXX
5024.1909902836,DP-ATM-XXX
5024.1909902836,DP-ATM-XXX
5025.11329740795,DP-ATM-XXX
5026.0356045323,DP-ATM-XXX
5026.0356045323,DP-ATM-XXX
5026.95791165665,DP-ATM-XXX
5026.95791165665,DP-ATM-XXX
5028.01863872243,DP-ATM-XXX
5028.01863872243,DP-ATM-XXX
5029.07936578821,DP-ATM-XXX
5030.14009285399,DP-ATM-XXX
5030.14009285399,DP-ATM-XXX
5031.20081991977,DP-ATM-XXX
5031.20081991977,DP-ATM-XXX
5032.26154698555,DP-ATM-XXX
5032.26154698555,DP-ATM-XXX
5033.52681493728,DP-ATM-XXX
5033.52681493728,DP-ATM-XXX
5034.79208288901,DP-ATM-XXX
5036.05735084073,DP-ATM-XXX
5036.05735084073,DP-ATM-XXX
5037.32261879246,DP-ATM-XXX
5037.32261879246,DP-ATM-XXX
5038.58788674419,DP-ATM-XXX
5038.58788674419,DP-ATM-XXX
5040,DP-ATM-XXX
5040,LP-ATM-RAF
5040.00030955187,LP-ATM-RAF
5040.0004643278,LP-ATM-RAF
5040.0014788201,LP-ATM-RAF
5040.00198606625,LP-ATM-RAF
5040.00335168636,LP-ATM-RAF
5040.00506843427,LP-ATM-RAF
5040.00592680823,LP-ATM-RAF
5040.00809185036,LP-ATM-RAF
5040.00917437142,LP-ATM-RAF
5040.01133941356,LP-ATM-RAF
5040.01277082897,LP-ATM-RAF
5040.01563365979,LP-ATM-RAF
5040.01849649061,LP-ATM-RAF
5040.02035626551,LP-ATM-RAF
5040.0240758153,LP-ATM-RAF
5040.02593559019,LP-ATM-RAF
5040.03008694789,LP-ATM-RAF
5040.03467011348,LP-ATM-RAF
5040.03696169628,LP-ATM-RAF
5040.04207178209,LP-ATM-RAF
5040.04489028511,LP-ATM-RAF
5040.05052729115,LP-ATM-RAF
5040.05334579417,LP-ATM-RAF
5040.06044916481,LP-ATM-RAF
5040.06755253545,LP-ATM-RAF
5040.07110422077,LP-ATM-RAF
5040.07995850299,LP-ATM-RAF
5040.08438564409,LP-ATM-RAF
5040.09323992631,LP-ATM-RAF
5040.10496890198,LP-ATM-RAF
5040.11083338981,LP-ATM-RAF
5040.12256236549,LP-ATM-RAF
5040.13035946097,LP-ATM-RAF
5040.14595365194,LP-ATM-RAF
5040.16154784291,LP-ATM-RAF
5040.17261873653,LP-ATM-RAF
5040.19476052377,LP-ATM-RAF
5040.20583141739,LP-ATM-RAF
5040.233649837,LP-ATM-RAF
5040.25039736298,LP-ATM-RAF
5040.28389241494,LP-ATM-RAF
5040.36827805624,LP-ATM-RAF
5040.4104708769,LP-ATM-RAF
5040.52781298346,LP-ATM-RAF
5040.60296226936,LP-ATM-RAF
5040.75326084117,LP-ATM-RAF
5040.93985893361,LP-ATM-RAF
5041.05130774014,LP-ATM-RAF
5041.27420535321,LP-ATM-RAF
5041.38565415975,LP-ATM-RAF
5041.69314116544,LP-ATM-RAF
5041.84688466829,LP-ATM-RAF
5042.15437167399,LP-ATM-RAF
5042.56172882792,LP-ATM-RAF
5042.76540740488,LP-ATM-RAF
5043.17276455881,LP-ATM-RAF
5043.41616860249,LP-ATM-RAF
5043.90297668984,LP-ATM-RAF
5044.3897847772,LP-ATM-RAF
5044.68460073134,LP-ATM-RAF
5045.27423263963,LP-ATM-RAF
5045.56904859378,LP-ATM-RAF
5046.23782297446,LP-ATM-RAF
5046.61178140101,LP-ATM-RAF
5047.35969825409,LP-ATM-RAF
5048.18689260781,LP-ATM-RAF
5048.64012853498,LP-ATM-RAF
5049.54660038932,LP-ATM-RAF
5049.9998363165,LP-ATM-RAF
5051.07796185352,LP-ATM-RAF
5052.15608739055,LP-ATM-RAF
5052.69515015906,LP-ATM-RAF
5053.96281786003,LP-ATM-RAF
5054.59665171051,LP-ATM-RAF
5055.86431941148,LP-ATM-RAF
5057.34136002717,LP-ATM-RAF
5058.07988033501,LP-ATM-RAF
5059.5569209507,LP-ATM-RAF
5060.29544125854,LP-ATM-RAF
5062.40015739717,LP-ATM-RAF
5063.45251546648,LP-ATM-RAF
5065.55723160511,LP-ATM-RAF
5067.80217836023,LP-ATM-RAF
5068.99476704603,LP-ATM-RAF
5071.37994441764,LP-ATM-RAF
5072.57253310344,LP-ATM-RAF
5075.14838367904,LP-ATM-RAF
5077.91490745862,LP-ATM-RAF
5079.29816934842,LP-ATM-RAF
5082.06469312801,LP-ATM-RAF
5083.58844304166,LP-ATM-RAF
5086.63594286897,LP-ATM-RAF
5088.15969278262,LP-ATM-RAF
5091.20719260992,LP-ATM-RAF
5094.58617121564,LP-ATM-RAF
5096.2756605185,LP-ATM-RAF
5099.65463912422,LP-ATM-RAF
5101.34412842708,LP-ATM-RAF
5105,LP-ATM-RAF
5105,RP-XXX-RAF
5105.00022043603,RP-XXX-RAF
5105.00022043603,RP-XXX-RAF
5105.00044087206,RP-XXX-RAF
5105.00066130809,RP-XXX-RAF
5105.00066130809,RP-XXX-RAF
5105.00129610982,RP-XXX-RAF
5105.00193091154,RP-XXX-RAF
5105.00193091154,RP-XXX-RAF
5105.00256571327,RP-XXX-RAF
5105.003200515,RP-XXX-RAF
5105.003200515,RP-XXX-RAF
5105.00438093824,RP-XXX-RAF
5105.00556136147,RP-XXX-RAF
5105.00556136147,RP-XXX-RAF
5105.00674178471,RP-XXX-RAF
5105.00792220795,RP-XXX-RAF
5105.00792220795,RP-XXX-RAF
5105.00910263119,RP-XXX-RAF
5105.00910263119,RP-XXX-RAF
5105.01091170102,RP-XXX-RAF
5105.01272077084,RP-XXX-RAF
5105.01272077084,RP-XXX-RAF
5105.01452984066,RP-XXX-RAF
5105.01633891048,RP-XXX-RAF
5105.01633891048,RP-XXX-RAF
5105.0181479803,RP-XXX-RAF
5105.02024631035,RP-XXX-RAF
5105.02024631035,RP-XXX-RAF
5105.0223446404,RP-XXX-RAF
5105.02444297045,RP-XXX-RAF
5105.02444297045,RP-XXX-RAF
5105.0265413005,RP-XXX-RAF
5105.02863963055,RP-XXX-RAF
5105.02863963055,RP-XXX-RAF
5105.03244098055,RP-XXX-RAF
5105.03624233055,RP-XXX-RAF
5105.03624233055,RP-XXX-RAF
5105.04004368055,RP-XXX-RAF
5105.04384503055,RP-XXX-RAF
5105.04384503055,RP-XXX-RAF
5105.04764638056,RP-XXX-RAF
5105.05510720144,RP-XXX-RAF
5105.05510720144,RP-XXX-RAF
5105.06256802233,RP-XXX-RAF
5105.07002884321,RP-XXX-RAF
5105.07002884321,RP-XXX-RAF
5105.0774896641,RP-XXX-RAF
5105.08495048498,RP-XXX-RAF
5105.08495048498,RP-XXX-RAF
5105.09491497325,RP-XXX-RAF
5105.09491497325,RP-XXX-RAF
5105.10487946152,RP-XXX-RAF
5105.11484394978,RP-XXX-RAF
5105.11484394978,RP-XXX-RAF
5105.12480843805,RP-XXX-RAF
5105.14414583091,RP-XXX-RAF
5105.14414583091,RP-XXX-RAF
5105.16348322377,RP-XXX-RAF
5105.18282061664,RP-XXX-RAF
5105.18282061664,RP-XXX-RAF
5105.2021580095,RP-XXX-RAF
5105.22149540236,RP-XXX-RAF
5105.22149540236,RP-XXX-RAF
5105.25938672822,RP-XXX-RAF
5105.29727805407,RP-XXX-RAF
5105.29727805407,RP-XXX-RAF
5105.33516937992,RP-XXX-RAF
5105.37306070578,RP-XXX-RAF
5105.37306070578,RP-XXX-RAF
5105.41095203163,RP-XXX-RAF
5105.49474369978,RP-XXX-RAF
5105.49474369978,RP-XXX-RAF
5105.57853536792,RP-XXX-RAF
5105.66232703606,RP-XXX-RAF
5105.66232703606,RP-XXX-RAF
5105.7461187042,RP-XXX-RAF
5105.82991037234,RP-XXX-RAF
5105.82991037234,RP-XXX-RAF
5105.95241648527,RP-XXX-RAF
5106.0749225982,RP-XXX-RAF
5106.0749225982,RP-XXX-RAF
5106.19742871113,RP-XXX-RAF
5106.19742871113,RP-XXX-RAF
5106.31993482406,RP-XXX-RAF
5106.44244093699,RP-XXX-RAF
5106.44244093699,RP-XXX-RAF
5106.65113428449,RP-XXX-RAF
5106.85982763198,RP-XXX-RAF
5106.85982763198,RP-XXX-RAF
5107.06852097947,RP-XXX-RAF
5107.27721432697,RP-XXX-RAF
5107.27721432697,RP-XXX-RAF
5107.48590767446,RP-XXX-RAF
5107.88590767446,RP-XXX-RAF
5107.88590767446,RP-XXX-RAF
5108.28590767446,RP-XXX-RAF
5108.68590767446,RP-XXX-RAF
5108.68590767446,RP-XXX-RAF
5109,RP-XXX-RAF
5109,RP-FEE-XXX
5109,RP-FEE-XXX
5109.00027962877,RP-FEE-XXX
5109.00027962877,RP-FEE-XXX
5109.00027962877,RP-FEE-XXX
5109.00055925753,RP-FEE-XXX
5109.00055925753,RP-FEE-XXX
5109.00055925753,RP-FEE-XXX
5109.0008388863,RP-FEE-XXX
5109.0008388863,RP-FEE-XXX
5109.0008388863,RP-FEE-XXX
5109.00180417387,RP-FEE-XXX
5109.00180417387,RP-FEE-XXX
5109.00180417387,RP-FEE-XXX
5109.00276946144,RP-FEE-XXX
5109.00276946144,RP-FEE-XXX
5109.00276946144,RP-FEE-XXX
5109.00373474901,RP-FEE-XXX
5109.00373474901,RP-FEE-XXX
5109.00373474901,RP-FEE-XXX
5109.00470003658,RP-FEE-XXX
5109.00470003658,RP-FEE-XXX
5109.00470003658,RP-FEE-XXX
5109.00664919653,RP-FEE-XXX
5109.00664919653,RP-FEE-XXX
5109.00664919653,RP-FEE-XXX
5109.00859835649,RP-FEE-XXX
5109.00859835649,RP-FEE-XXX
5109.00859835649,RP-FEE-XXX
5109.01054751644,RP-FEE-XXX
5109.01054751644,RP-FEE-XXX
5109.01054751644,RP-FEE-XXX
5109.0124966764,RP-FEE-XXX
5109.0124966764,RP-FEE-XXX
5109.0124966764,RP-FEE-XXX
5109.01444583636,RP-FEE-XXX
5109.01444583636,RP-FEE-XXX
5109.01444583636,RP-FEE-XXX
5109.01727255202,RP-FEE-XXX
5109.01727255202,RP-FEE-XXX
5109.01727255202,RP-FEE-XXX
5109.02009926768,RP-FEE-XXX
5109.02009926768,RP-FEE-XXX
5109.02009926768,RP-FEE-XXX
5109.02292598335,RP-FEE-XXX
5109.02292598335,RP-FEE-XXX
5109.02292598335,RP-FEE-XXX
5109.02575269901,RP-FEE-XXX
5109.02575269901,RP-FEE-XXX
5109.02575269901,RP-FEE-XXX
5109.02857941467,RP-FEE-XXX
5109.02857941467,RP-FEE-XXX
5109.02857941467,RP-FEE-XXX
5109.03670436895,RP-FEE-XXX
5109.03670436895,RP-FEE-XXX
5109.03670436895,RP-FEE-XXX
5109.04482932322,RP-FEE-XXX
5109.04482932322,RP-FEE-XXX
5109.04482932322,RP-FEE-XXX
5109.0529542775,RP-FEE-XXX
5109.0529542775,RP-FEE-XXX
5109.0529542775,RP-FEE-XXX
5109.06107923177,RP-FEE-XXX
5109.06107923177,RP-FEE-XXX
5109.06107923177,RP-FEE-XXX
5109.11499337606,RP-FEE-XXX
5109.11499337606,RP-FEE-XXX
5109.11499337606,RP-FEE-XXX
5109.16890752035,RP-FEE-XXX
5109.16890752035,RP-FEE-XXX
5109.16890752035,RP-FEE-XXX
5109.22282166463,RP-FEE-XXX
5109.22282166463,RP-FEE-XXX
5109.22282166463,RP-FEE-XXX
5109.27673580892,RP-FEE-XXX
5109.27673580892,RP-FEE-XXX
5109.27673580892,RP-FEE-XXX
5109.37673580892,RP-FEE-XXX
5109.37673580892,RP-FEE-XXX
5109.37673580892,RP-FEE-XXX
5109.47673580892,RP-FEE-XXX
5109.47673580892,RP-FEE-XXX
5109.47673580892,RP-FEE-XXX
5109.57673580892,RP-FEE-XXX
5109.57673580892,RP-FEE-XXX
5109.57673580892,RP-FEE-XXX
5109.67673580892,RP-FEE-XXX
5109.67673580892,RP-FEE-XXX
5109.67673580892,RP-FEE-XXX
5109.77673580892,RP-FEE-XXX
5109.77673580892,RP-FEE-XXX
5109.77673580892,RP-FEE-XXX
5109.87673580892,RP-FEE-XXX
5109.87673580892,RP-FEE-XXX
5109.87673580892,RP-FEE-XXX
5109.97673580892,RP-FEE-XXX
5109.97673580892,RP-FEE-XXX
5109.97673580892,RP-FEE-XXX
5110,RP-FEE-XXX
5110,RP-FEE-XXX
5110,HP-FEE-RAF
5110.00241703585,HP-FEE-RAF
5110.00645050046,HP-FEE-RAF
5110.01210039382,HP-FEE-RAF
5110.02103363475,HP-FEE-RAF
5110.027141929,HP-FEE-RAF
5110.05845034957,HP-FEE-RAF
5110.10885060222,HP-FEE-RAF
5110.49185814458,HP-FEE-RAF
5110.87486568694,HP-FEE-RAF
5112.07401213031,HP-FEE-RAF
5113.27315857368,HP-FEE-RAF
5114.91488937486,HP-FEE-RAF
5116.99920453386,HP-FEE-RAF
5118.04136211337,HP-FEE-RAF
5120.99809369167,HP-FEE-RAF
5124.82724168929,HP-FEE-RAF
5128.6563896869,HP-FEE-RAF
5134.09699577581,HP-FEE-RAF
5139.53760186472,HP-FEE-RAF
5145.69915708387,HP-FEE-RAF
5152.58166143326,HP-FEE-RAF
5159.46416578265,HP-FEE-RAF
5163.6067296864,HP-FEE-RAF
5171.89185749389,HP-FEE-RAF
5180.17698530139,HP-FEE-RAF
5189.78588004629,HP-FEE-RAF
5195.03777464529,HP-FEE-RAF
5195.08708544914,HP-FEE-RAF
5195.35829487031,HP-FEE-RAF
5195.8514029088,HP-FEE-RAF
5199.32173040924,HP-FEE-RAF
5201.05689415945,HP-FEE-RAF
5206.84094451064,HP-FEE-RAF
5214.93871771258,HP-FEE-RAF
5223.03649091451,HP-FEE-RAF
5234.61254171306,HP-FEE-RAF
5246.18859251161,HP-FEE-RAF
5258.43597758026,HP-FEE-RAF
5271.354696919,HP-FEE-RAF
5284.27341625774,HP-FEE-RAF
5291.39476472292,HP-FEE-RAF
5305.63746165329,HP-FEE-RAF
5319.88015858365,HP-FEE-RAF
5335.37196667873,HP-FEE-RAF
5350.86377477381,HP-FEE-RAF
5366.9491295261,HP-FEE-RAF
5383.62803093559,HP-FEE-RAF
5400.30693234509,HP-FEE-RAF
5418.22139182018,HP-FEE-RAF
5427.17862155772,HP-FEE-RAF
5445.0930810328,HP-FEE-RAF
5464.40777178337,HP-FEE-RAF
5483.72246253394,HP-FEE-RAF
5503.6803824492,HP-FEE-RAF
5524.28153152914,HP-FEE-RAF
5544.88268060907,HP-FEE-RAF
5566.80948300076,HP-FEE-RAF
5588.73628539244,HP-FEE-RAF
5599.69968658829,HP-FEE-RAF
5623.01083766231,HP-FEE-RAF
5646.32198873634,HP-FEE-RAF
5670.36223784322,HP-FEE-RAF
5695.13158498297,HP-FEE-RAF
5719.90093212272,HP-FEE-RAF
5746.10118181177,HP-FEE-RAF
5772.30143150082,HP-FEE-RAF
5799.22838796501,HP-FEE-RAF
5813.05521958468,HP-FEE-RAF
5840.70888282402,HP-FEE-RAF
5869.0994278421,HP-FEE-RAF
5898.22685463892,HP-FEE-RAF
5927.35428143574,HP-FEE-RAF
5958.02644367481,HP-FEE-RAF
5988.69860591389,HP-FEE-RAF
6020.15202959211,HP-FEE-RAF
6052.38671470948,HP-FEE-RAF
6068.50405726816,HP-FEE-RAF
6103.30136678808,HP-FEE-RAF
6140.66130071053,HP-FEE-RAF
6178.02123463299,HP-FEE-RAF
6218.3211880742,HP-FEE-RAF
6258.6211415154,HP-FEE-RAF
6298.92109495661,HP-FEE-RAF
6363.91934391948,HP-FEE-RAF
6428.91759288236,HP-FEE-RAF
6461.4167173638,HP-FEE-RAF
6548.39650070885,HP-FEE-RAF
6635.3762840539,HP-FEE-RAF
6748.66181167935,HP-FEE-RAF
6888.25308358519,HP-FEE-RAF
7027.84435549103,HP-FEE-RAF
7283.36016591945,HP-FEE-RAF
7538.87597634786,HP-FEE-RAF
7892.2542003713,HP-FEE-RAF
8117.87451918052,HP-FEE-RAF
8569.11515679898,HP-FEE-RAF
9050.12998031626,HP-FEE-RAF
9560.91898973236,HP-FEE-RAF
10110,HP-FEE-RAF
10110,DP-ATM-XXX
10110.0008502159,DP-ATM-XXX
10110.0008502159,DP-ATM-XXX
10110.0017004317,DP-ATM-XXX
10110.0017004317,DP-ATM-XXX
10110.0025506476,DP-ATM-XXX
10110.0025506476,DP-ATM-XXX
10110.0093273051,DP-ATM-XXX
10110.0161039626,DP-ATM-XXX
10110.0161039626,DP-ATM-XXX
10110.0228806201,DP-ATM-XXX
10110.0228806201,DP-ATM-XXX
10110.0296572776,DP-ATM-XXX
10110.0296572776,DP-ATM-XXX
10110.0497622824,DP-ATM-XXX
10110.0698672872,DP-ATM-XXX
10110.0698672872,DP-ATM-XXX
10110.089972292,DP-ATM-XXX
10110.089972292,DP-ATM-XXX
10110.1100772968,DP-ATM-XXX
10110.2293114624,DP-ATM-XXX
10110.2293114624,DP-ATM-XXX
10110.348545628,DP-ATM-XXX
10110.348545628,DP-ATM-XXX
10110.4677797935,DP-ATM-XXX
10110.4677797935,DP-ATM-XXX
10110.5870139591,DP-ATM-XXX
10111.0629667557,DP-ATM-XXX
10111.0629667557,DP-ATM-XXX
10111.5389195523,DP-ATM-XXX
10111.5389195523,DP-ATM-XXX
10112.0148723489,DP-ATM-XXX
10112.0148723489,DP-ATM-XXX
10112.4908251455,DP-ATM-XXX
10112.9667779421,DP-ATM-XXX
10112.9667779421,DP-ATM-XXX
10113.5338371088,DP-ATM-XXX
10113.5338371088,DP-ATM-XXX
10114.1008962755,DP-ATM-XXX
10114.1008962755,DP-ATM-XXX
10114.6679554422,DP-ATM-XXX
10115.2350146089,DP-ATM-XXX
10115.2350146089,DP-ATM-XXX
10115.8020737756,DP-ATM-XXX
10115.8020737756,DP-ATM-XXX
10116.4721777122,DP-ATM-XXX
10116.4721777122,DP-ATM-XXX
10117.1422816488,DP-ATM-XXX
10117.8123855854,DP-ATM-XXX
10117.8123855854,DP-ATM-XXX
10118.4824895219,DP-ATM-XXX
10118.4824895219,DP-ATM-XXX
10119.1525934585,DP-ATM-XXX
10119.9344189391,DP-ATM-XXX
10119.9344189391,DP-ATM-XXX
10120.7162444197,DP-ATM-XXX
10120.7162444197,DP-ATM-XXX
10121.4980699003,DP-ATM-XXX
10121.4980699003,DP-ATM-XXX
10122.2798953809,DP-ATM-XXX
10123.0617208615,DP-ATM-XXX
10123.0617208615,DP-ATM-XXX
10123.8888259266,DP-ATM-XXX
10123.8888259266,DP-ATM-XXX
10124.7159309917,DP-ATM-XXX
10124.7159309917,DP-ATM-XXX
10125.5430360568,DP-ATM-XXX
10126.3701411219,DP-ATM-XXX
10126.3701411219,DP-ATM-XXX
10127.197246187,DP-ATM-XXX
10127.197246187,DP-ATM-XXX
10128.1024332745,DP-ATM-XXX
10128.1024332745,DP-ATM-XXX
10129.0076203621,DP-ATM-XXX
10129.9128074496,DP-ATM-XXX
10129.9128074496,DP-ATM-XXX
10130.8179945371,DP-ATM-XXX
10130.8179945371,DP-ATM-XXX
10131.7231816247,DP-ATM-XXX
10131.7231816247,DP-ATM-XXX
10132.7735824815,DP-ATM-XXX
10133.8239833384,DP-ATM-XXX
10133.8239833384,DP-ATM-XXX
10134.8743841952,DP-ATM-XXX
10134.8743841952,DP-ATM-XXX
10135.9247850521,DP-ATM-XXX
10136.9751859089,DP-ATM-XXX
10136.9751859089,DP-ATM-XXX
10138.1891364957,DP-ATM-XXX
10138.1891364957,DP-ATM-XXX
10139.4030870825,DP-ATM-XXX
10139.4030870825,DP-ATM-XXX
10140.6170376693,DP-ATM-XXX
10141.8309882561,DP-ATM-XXX
10141.8309882561,DP-ATM-XXX
10143.044938843,DP-ATM-XXX
10143.044938843,DP-ATM-XXX
10144.5665724702,DP-ATM-XXX
10144.5665724702,DP-ATM-XXX
10145,DP-ATM-XXX
10145,LP-ATM-RAF
10145.0003099161,LP-ATM-RAF
10145.0004648741,LP-ATM-RAF
10145.0014746079,LP-ATM-RAF
10145.0019794748,LP-ATM-RAF
10145.0033412789,LP-ATM-RAF
10145.0041982162,LP-ATM-RAF
10145.0059120907,LP-ATM-RAF
10145.0080654258,LP-ATM-RAF
10145.0091420933,LP-ATM-RAF
10145.0112954284,LP-ATM-RAF
10145.0127174207,LP-ATM-RAF
10145.0155614054,LP-ATM-RAF
10145.0169833978,LP-ATM-RAF
10145.0202483152,LP-ATM-RAF
10145.0220912403,LP-ATM-RAF
10145.0257770905,LP-ATM-RAF
10145.0298917234,LP-ATM-RAF
10145.0321634312,LP-ATM-RAF
10145.0367068467,LP-ATM-RAF
10145.0389785545,LP-ATM-RAF
10145.0445635078,LP-ATM-RAF
10145.0473559844,LP-ATM-RAF
10145.0529409377,LP-ATM-RAF
10145.0599683694,LP-ATM-RAF
10145.0634820853,LP-ATM-RAF
10145.070509517,LP-ATM-RAF
10145.0748685749,LP-ATM-RAF
10145.0835866908,LP-ATM-RAF
10145.0879457487,LP-ATM-RAF
10145.0980489533,LP-ATM-RAF
10145.1095372466,LP-ATM-RAF
10145.1152813933,LP-ATM-RAF
10145.1286289748,LP-ATM-RAF
10145.1362324096,LP-ATM-RAF
10145.1514392793,LP-ATM-RAF
10145.1590427142,LP-ATM-RAF
10145.1804797995,LP-ATM-RAF
10145.1911983421,LP-ATM-RAF
10145.2126354274,LP-ATM-RAF
10145.2445972914,LP-ATM-RAF
10145.2605782233,LP-ATM-RAF
10145.3137598719,LP-ATM-RAF
10145.3509605886,LP-ATM-RAF
10145.4253620218,LP-ATM-RAF
10145.4969748747,LP-ATM-RAF
10145.6402005805,LP-ATM-RAF
10145.7834262863,LP-ATM-RAF
10145.8911528299,LP-ATM-RAF
10146.1066059169,LP-ATM-RAF
10146.2143324605,LP-ATM-RAF
10146.4727992837,LP-ATM-RAF
10146.6235395633,LP-ATM-RAF
10146.9250201225,LP-ATM-RAF
10147.2779353342,LP-ATM-RAF
10147.4801102663,LP-ATM-RAF
10147.8844601305,LP-ATM-RAF
10148.0866350626,LP-ATM-RAF
10148.5804627279,LP-ATM-RAF
10148.8273765605,LP-ATM-RAF
10149.3212042259,LP-ATM-RAF
10149.9433339769,LP-ATM-RAF
10150.2543988524,LP-ATM-RAF
10150.8765286034,LP-ATM-RAF
10151.2730366837,LP-ATM-RAF
10152.0660528442,LP-ATM-RAF
10152.4625609244,LP-ATM-RAF
10153.3480789691,LP-ATM-RAF
10153.8370889336,LP-ATM-RAF
10154.8151088624,LP-ATM-RAF
10155.9051073865,LP-ATM-RAF
10156.5060959462,LP-ATM-RAF
10157.7080730655,LP-ATM-RAF
10158.3090616251,LP-ATM-RAF
10159.7359630472,LP-ATM-RAF
10160.4494137583,LP-ATM-RAF
10161.8763151805,LP-ATM-RAF
10163.5391110521,LP-ATM-RAF
10164.370508988,LP-ATM-RAF
10166.0333048597,LP-ATM-RAF
10167.0003049731,LP-ATM-RAF
10168.9343051999,LP-ATM-RAF
10169.9013053134,LP-ATM-RAF
10171.8353055402,LP-ATM-RAF
10174.2725825691,LP-ATM-RAF
10175.4912210836,LP-ATM-RAF
10177.9284981125,LP-ATM-RAF
10179.1471366269,LP-ATM-RAF
10182.1169085811,LP-ATM-RAF
10183.6017945581,LP-ATM-RAF
10186.5715665122,LP-ATM-RAF
10188.0564524893,LP-ATM-RAF
10191.3185963935,LP-ATM-RAF
10194.5807402977,LP-ATM-RAF
10196.2118122498,LP-ATM-RAF
10199.6475883155,LP-ATM-RAF
10201.4522924291,LP-ATM-RAF
10205.0617006563,LP-ATM-RAF
10206.8664047699,LP-ATM-RAF
10210,LP-ATM-RAF
10210,RP-XXX-RAF
10210.0001820735,RP-XXX-RAF
10210.0001820735,RP-XXX-RAF
10210.000364147,RP-XXX-RAF
10210.0005462205,RP-XXX-RAF
10210.0010371812,RP-XXX-RAF
10210.0010371812,RP-XXX-RAF
10210.001528142,RP-XXX-RAF
10210.0020191027,RP-XXX-RAF
10210.0020191027,RP-XXX-RAF
10210.0025100635,RP-XXX-RAF
10210.0034095446,RP-XXX-RAF
10210.0043090258,RP-XXX-RAF
10210.0043090258,RP-XXX-RAF
10210.005208507,RP-XXX-RAF
10210.0061079881,RP-XXX-RAF
10210.0061079881,RP-XXX-RAF
10210.0070074693,RP-XXX-RAF
10210.008521366,RP-XXX-RAF
10210.0100352628,RP-XXX-RAF
10210.0100352628,RP-XXX-RAF
10210.0115491595,RP-XXX-RAF
10210.0130630562,RP-XXX-RAF
10210.0130630562,RP-XXX-RAF
10210.0145769529,RP-XXX-RAF
10210.016382211,RP-XXX-RAF
10210.018187469,RP-XXX-RAF
10210.018187469,RP-XXX-RAF
10210.019992727,RP-XXX-RAF
10210.0217979851,RP-XXX-RAF
10210.0236032431,RP-XXX-RAF
10210.0236032431,RP-XXX-RAF
10210.0263304879,RP-XXX-RAF
10210.0290577328,RP-XXX-RAF
10210.0290577328,RP-XXX-RAF
10210.0317849776,RP-XXX-RAF
10210.0345122225,RP-XXX-RAF
10210.0372394673,RP-XXX-RAF
10210.0372394673,RP-XXX-RAF
10210.0419518609,RP-XXX-RAF
10210.0466642545,RP-XXX-RAF
10210.0466642545,RP-XXX-RAF
10210.0513766481,RP-XXX-RAF
10210.0560890417,RP-XXX-RAF
10210.0608014353,RP-XXX-RAF
10210.0608014353,RP-XXX-RAF
10210.0691690098,RP-XXX-RAF
10210.0775365843,RP-XXX-RAF
10210.0775365843,RP-XXX-RAF
10210.0859041588,RP-XXX-RAF
10210.0942717333,RP-XXX-RAF
10210.1026393077,RP-XXX-RAF
10210.1026393077,RP-XXX-RAF
10210.1165633339,RP-XXX-RAF
10210.13048736,RP-XXX-RAF
10210.13048736,RP-XXX-RAF
10210.1444113861,RP-XXX-RAF
10210.1583354122,RP-XXX-RAF
10210.1722594383,RP-XXX-RAF
10210.1722594383,RP-XXX-RAF
10210.2026646825,RP-XXX-RAF
10210.2330699268,RP-XXX-RAF
10210.2330699268,RP-XXX-RAF
10210.263475171,RP-XXX-RAF
10210.2938804153,RP-XXX-RAF
10210.3242856595,RP-XXX-RAF
10210.3242856595,RP-XXX-RAF
10210.3747406825,RP-XXX-RAF
10210.4251957054,RP-XXX-RAF
10210.4251957054,RP-XXX-RAF
10210.4756507284,RP-XXX-RAF
10210.5261057514,RP-XXX-RAF
10210.5765607744,RP-XXX-RAF
10210.5765607744,RP-XXX-RAF
10210.6775215207,RP-XXX-RAF
10210.7784822669,RP-XXX-RAF
10210.8794430132,RP-XXX-RAF
10210.8794430132,RP-XXX-RAF
10210.9804037595,RP-XXX-RAF
10211.0813645058,RP-XXX-RAF
10211.0813645058,RP-XXX-RAF
10211.2255004509,RP-XXX-RAF
10211.369636396,RP-XXX-RAF
10211.5137723412,RP-XXX-RAF
10211.5137723412,RP-XXX-RAF
10211.6579082863,RP-XXX-RAF
10211.8020442315,RP-XXX-RAF
10211.8020442315,RP-XXX-RAF
10211.9707941337,RP-XXX-RAF
10212.1395440359,RP-XXX-RAF
10212.3082939382,RP-XXX-RAF
10212.3082939382,RP-XXX-RAF
10212.4770438404,RP-XXX-RAF
10212.6457937426,RP-XXX-RAF
10212.6457937426,RP-XXX-RAF
10213.0331113828,RP-XXX-RAF
10213.420429023,RP-XXX-RAF
10213.8077466631,RP-XXX-RAF
10213.8077466631,RP-XXX-RAF
10214,RP-XXX-RAF
10214,RP-FEE-XXX
10214,RP-FEE-XXX
10214.000289979,RP-FEE-XXX
10214.000289979,RP-FEE-XXX
10214.000289979,RP-FEE-XXX
10214.0005799579,RP-FEE-XXX
10214.0005799579,RP-FEE-XXX
10214.0005799579,RP-FEE-XXX
10214.0008699369,RP-FEE-XXX
10214.0008699369,RP-FEE-XXX
10214.0008699369,RP-FEE-XXX
10214.0018578817,RP-FEE-XXX
10214.0018578817,RP-FEE-XXX
10214.0018578817,RP-FEE-XXX
10214.0028458266,RP-FEE-XXX
10214.0028458266,RP-FEE-XXX
10214.0028458266,RP-FEE-XXX
10214.0028458266,RP-FEE-XXX
10214.0038337714,RP-FEE-XXX
10214.0038337714,RP-FEE-XXX
10214.0038337714,RP-FEE-XXX
10214.0048217162,RP-FEE-XXX
10214.0048217162,RP-FEE-XXX
10214.0048217162,RP-FEE-XXX
10214.0068059351,RP-FEE-XXX
10214.0068059351,RP-FEE-XXX
10214.0068059351,RP-FEE-XXX
10214.0087901539,RP-FEE-XXX
10214.0087901539,RP-FEE-XXX
10214.0087901539,RP-FEE-XXX
10214.0107743727,RP-FEE-XXX
10214.0107743727,RP-FEE-XXX
10214.0107743727,RP-FEE-XXX
10214.0127585916,RP-FEE-XXX
10214.0127585916,RP-FEE-XXX
10214.0127585916,RP-FEE-XXX
10214.0147428104,RP-FEE-XXX
10214.0147428104,RP-FEE-XXX
10214.0147428104,RP-FEE-XXX
10214.0176644157,RP-FEE-XXX
10214.0176644157,RP-FEE-XXX
10214.0176644157,RP-FEE-XXX
10214.0205860211,RP-FEE-XXX
10214.0205860211,RP-FEE-XXX
10214.0205860211,RP-FEE-XXX
10214.0235076265,RP-FEE-XXX
10214.0235076265,RP-FEE-XXX
10214.0235076265,RP-FEE-XXX
10214.0264292318,RP-FEE-XXX
10214.0264292318,RP-FEE-XXX
10214.0264292318,RP-FEE-XXX
10214.0264292318,RP-FEE-XXX
10214.0293508372,RP-FEE-XXX
10214.0293508372,RP-FEE-XXX
10214.0293508372,RP-FEE-XXX
10214.0382044129,RP-FEE-XXX
10214.0382044129,RP-FEE-XXX
10214.0382044129,RP-FEE-XXX
10214.0470579885,RP-FEE-XXX
10214.0470579885,RP-FEE-XXX
10214.0470579885,RP-FEE-XXX
10214.0559115642,RP-FEE-XXX
10214.0559115642,RP-FEE-XXX
10214.0559115642,RP-FEE-XXX
10214.0647651399,RP-FEE-XXX
10214.0647651399,RP-FEE-XXX
10214.0647651399,RP-FEE-XXX
10214.1459063246,RP-FEE-XXX
10214.1459063246,RP-FEE-XXX
10214.1459063246,RP-FEE-XXX
10214.2270475094,RP-FEE-XXX
10214.2270475094,RP-FEE-XXX
10214.2270475094,RP-FEE-XXX
10214.3081886942,RP-FEE-XXX
10214.3081886942,RP-FEE-XXX
10214.3081886942,RP-FEE-XXX
10214.389329879,RP-FEE-XXX
10214.389329879,RP-FEE-XXX
10214.389329879,RP-FEE-XXX
10214.489329879,RP-FEE-XXX
10214.489329879,RP-FEE-XXX
10214.489329879,RP-FEE-XXX
10214.589329879,RP-FEE-XXX
10214.589329879,RP-FEE-XXX
10214.589329879,RP-FEE-XXX
10214.589329879,RP-FEE-XXX
10214.689329879,RP-FEE-XXX
10214.689329879,RP-FEE-XXX
10214.689329879,RP-FEE-XXX
10214.789329879,RP-FEE-XXX
10214.789329879,RP-FEE-XXX
10214.789329879,RP-FEE-XXX
10214.889329879,RP-FEE-XXX
10214.889329879,RP-FEE-XXX
10214.889329879,RP-FEE-XXX
10214.989329879,RP-FEE-XXX
10214.989329879,RP-FEE-XXX
10214.989329879,RP-FEE-XXX
10215,RP-FEE-XXX
10215,RP-FEE-XXX
10215,HP-FEE-RAF
10215.0024597161,HP-FEE-RAF
10215.0065567986,HP-FEE-RAF
10215.0094240232,HP-FEE-RAF
10215.0151584722,HP-FEE-RAF
10215.0278731092,HP-FEE-RAF
10215.0596361401,HP-FEE-RAF
10215.0850418526,HP-FEE-RAF
10215.3244760455,HP-FEE-RAF
10215.7525330064,HP-FEE-RAF
10216.6477848803,HP-FEE-RAF
10217.3290082738,HP-FEE-RAF
10218.6914550608,HP-FEE-RAF
10220.4920461199,HP-FEE-RAF
10222.730781451,HP-FEE-RAF
10224.9695167821,HP-FEE-RAF
10227.0630353902,HP-FEE-RAF
10231.2500726064,HP-FEE-RAF
10235.4371098226,HP-FEE-RAF
10241.3401089497,HP-FEE-RAF
10244.2916085133,HP-FEE-RAF
10250.1946076404,HP-FEE-RAF
10257.6609799974,HP-FEE-RAF
10265.1273523544,HP-FEE-RAF
10268.8605385329,HP-FEE-RAF
10277.8790187187,HP-FEE-RAF
10286.8974989045,HP-FEE-RAF
10296.6982786697,HP-FEE-RAF
10301.9898183421,HP-FEE-RAF
10305.4133508382,HP-FEE-RAF
10305.457064171,HP-FEE-RAF
10305.8941974985,HP-FEE-RAF
10307.9596506248,HP-FEE-RAF
10309.8065370874,HP-FEE-RAF
10313.5003100125,HP-FEE-RAF
10322.3795612172,HP-FEE-RAF
10331.2588124219,HP-FEE-RAF
10335.6984380243,HP-FEE-RAF
10348.7539625783,HP-FEE-RAF
10361.8094871323,HP-FEE-RAF
10375.7458364614,HP-FEE-RAF
10383.1544235135,HP-FEE-RAF
10397.9715976177,HP-FEE-RAF
10413.5663846866,HP-FEE-RAF
10429.9387847203,HP-FEE-RAF
10446.311184754,HP-FEE-RAF
10455.2535500344,HP-FEE-RAF
10473.1382805951,HP-FEE-RAF
10491.0230111559,HP-FEE-RAF
10510.5915552661,HP-FEE-RAF
10520.3758273212,HP-FEE-RAF
10539.9443714314,HP-FEE-RAF
10561.0505393538,HP-FEE-RAF
10582.1567072762,HP-FEE-RAF
10592.7097912374,HP-FEE-RAF
10615.4875781333,HP-FEE-RAF
10638.2653650292,HP-FEE-RAF
10661.8867431522,HP-FEE-RAF
10686.3517125023,HP-FEE-RAF
10698.5841971774,HP-FEE-RAF
10723.9055297968,HP-FEE-RAF
10750.0832256856,HP-FEE-RAF
10776.2609215744,HP-FEE-RAF
10790.3017549568,HP-FEE-RAF
10818.3834217217,HP-FEE-RAF
10846.4650884866,HP-FEE-RAF
10876.2314949748,HP-FEE-RAF
10891.1146982189,HP-FEE-RAF
10920.8811047071,HP-FEE-RAF
10952.4671863946,HP-FEE-RAF
10984.0532680821,HP-FEE-RAF
11016.5779912208,HP-FEE-RAF
11033.3096735157,HP-FEE-RAF
11066.7730381055,HP-FEE-RAF
11101.2066695025,HP-FEE-RAF
11136.6105677065,HP-FEE-RAF
11154.3125168086,HP-FEE-RAF
11190.7411880667,HP-FEE-RAF
11228.1946323789,HP-FEE-RAF
11265.6480766911,HP-FEE-RAF
11286.4008127409,HP-FEE-RAF
11327.9062848406,HP-FEE-RAF
11369.4117569402,HP-FEE-RAF
11414.1549137463,HP-FEE-RAF
11436.5264921493,HP-FEE-RAF
11481.2696489553,HP-FEE-RAF
11547.0658351796,HP-FEE-RAF
11612.8620214039,HP-FEE-RAF
11703.0038346783,HP-FEE-RAF
11760.2475548405,HP-FEE-RAF
11874.734995165,HP-FEE-RAF
12043.6458593785,HP-FEE-RAF
12266.9801474809,HP-FEE-RAF
12378.6472915322,HP-FEE-RAF
12645.5463536375,HP-FEE-RAF
12956.0101897457,HP-FEE-RAF
13266.4740258539,HP-FEE-RAF
13662.7955072756,HP-FEE-RAF
14455.4384701191,HP-FEE-RAF
15215,HP-FEE-RAF
15215,DP-ATM-XXX
15215.0008484141,DP-ATM-XXX
15215.0008484141,DP-ATM-XXX
15215.0016968283,DP-ATM-XXX
15215.0016968283,DP-ATM-XXX
15215.0025452424,DP-ATM-XXX
15215.0025452424,DP-ATM-XXX
15215.009309086,DP-ATM-XXX
15215.0160729297,DP-ATM-XXX
15215.0160729297,DP-ATM-XXX
15215.0228367733,DP-ATM-XXX
15215.0228367733,DP-ATM-XXX
15215.0296006169,DP-ATM-XXX
15215.0296006169,DP-ATM-XXX
15215.0496480732,DP-ATM-XXX
15215.0696955295,DP-ATM-XXX
15215.0696955295,DP-ATM-XXX
15215.0897429858,DP-ATM-XXX
15215.0897429858,DP-ATM-XXX
15215.1097904421,DP-ATM-XXX
15215.2287018161,DP-ATM-XXX
15215.2287018161,DP-ATM-XXX
15215.3476131901,DP-ATM-XXX
15215.3476131901,DP-ATM-XXX
15215.4665245641,DP-ATM-XXX
15215.4665245641,DP-ATM-XXX
15215.5854359381,DP-ATM-XXX
15216.0602535991,DP-ATM-XXX
15216.0602535991,DP-ATM-XXX
15216.5350712601,DP-ATM-XXX
15216.5350712601,DP-ATM-XXX
15217.009888921,DP-ATM-XXX
15217.009888921,DP-ATM-XXX
15217.484706582,DP-ATM-XXX
15217.959524243,DP-ATM-XXX
15217.959524243,DP-ATM-XXX
15218.5247618036,DP-ATM-XXX
15218.5247618036,DP-ATM-XXX
15219.0899993641,DP-ATM-XXX
15219.0899993641,DP-ATM-XXX
15219.6552369246,DP-ATM-XXX
15220.2204744851,DP-ATM-XXX
15220.2204744851,DP-ATM-XXX
15220.7857120456,DP-ATM-XXX
15220.7857120456,DP-ATM-XXX
15221.4537219926,DP-ATM-XXX
15221.4537219926,DP-ATM-XXX
15222.1217319396,DP-ATM-XXX
15222.7897418866,DP-ATM-XXX
15222.7897418866,DP-ATM-XXX
15223.4577518336,DP-ATM-XXX
15223.4577518336,DP-ATM-XXX
15224.1257617806,DP-ATM-XXX
15224.9045787445,DP-ATM-XXX
15224.9045787445,DP-ATM-XXX
15225.6833957084,DP-ATM-XXX
15225.6833957084,DP-ATM-XXX
15226.4622126723,DP-ATM-XXX
15226.4622126723,DP-ATM-XXX
15227.2410296362,DP-ATM-XXX
15228.0198466001,DP-ATM-XXX
15228.0198466001,DP-ATM-XXX
15228.833614817,DP-ATM-XXX
15228.833614817,DP-ATM-XXX
15229.6473830339,DP-ATM-XXX
15229.6473830339,DP-ATM-XXX
15230.4611512508,DP-ATM-XXX
15231.2749194677,DP-ATM-XXX
15231.2749194677,DP-ATM-XXX
15232.0886876846,DP-ATM-XXX
15232.0886876846,DP-ATM-XXX
15233.0378554635,DP-ATM-XXX
15233.0378554635,DP-ATM-XXX
15233.9870232424,DP-ATM-XXX
15234.9361910213,DP-ATM-XXX
15234.9361910213,DP-ATM-XXX
15235.8853588002,DP-ATM-XXX
15235.8853588002,DP-ATM-XXX
15236.8345265792,DP-ATM-XXX
15236.8345265792,DP-ATM-XXX
15237.8860880001,DP-ATM-XXX
15238.9376494211,DP-ATM-XXX
15238.9376494211,DP-ATM-XXX
15239.989210842,DP-ATM-XXX
15239.989210842,DP-ATM-XXX
15241.040772263,DP-ATM-XXX
15242.0923336839,DP-ATM-XXX
15242.0923336839,DP-ATM-XXX
15243.1438951049,DP-ATM-XXX
15243.1438951049,DP-ATM-XXX
15244.2694757593,DP-ATM-XXX
15244.2694757593,DP-ATM-XXX
15245.3950564136,DP-ATM-XXX
15246.520637068,DP-ATM-XXX
15246.520637068,DP-ATM-XXX
15247.6462177224,DP-ATM-XXX
15247.6462177224,DP-ATM-XXX
15248.7717983768,DP-ATM-XXX
15248.7717983768,DP-ATM-XXX
15250,DP-ATM-XXX
15250,LP-ATM-RAF
15250.0003104807,LP-ATM-RAF
15250.000465721,LP-ATM-RAF
15250.0014552427,LP-ATM-RAF
15250.0019500035,LP-ATM-RAF
15250.0032943102,LP-ATM-RAF
15250.004993402,LP-ATM-RAF
15250.005842948,LP-ATM-RAF
15250.007956345,LP-ATM-RAF
15250.0090130436,LP-ATM-RAF
15250.0111264407,LP-ATM-RAF
15250.0138975556,LP-ATM-RAF
15250.015283113,LP-ATM-RAF
15250.0180542279,LP-ATM-RAF
15250.0198325429,LP-ATM-RAF
15250.0233891727,LP-ATM-RAF
15250.0269458026,LP-ATM-RAF
15250.0291429639,LP-ATM-RAF
15250.0335372864,LP-ATM-RAF
15250.0357344476,LP-ATM-RAF
15250.0406339849,LP-ATM-RAF
15250.0460387371,LP-ATM-RAF
15250.0487411132,LP-ATM-RAF
15250.0548361107,LP-ATM-RAF
15250.0582287323,LP-ATM-RAF
15250.0650139753,LP-ATM-RAF
15250.0684065968,LP-ATM-RAF
15250.0766292418,LP-ATM-RAF
15250.0848518867,LP-ATM-RAF
15250.0889632092,LP-ATM-RAF
15250.0996697806,LP-ATM-RAF
15250.1050230663,LP-ATM-RAF
15250.1157296378,LP-ATM-RAF
15250.1297835975,LP-ATM-RAF
15250.1368105773,LP-ATM-RAF
15250.150864537,LP-ATM-RAF
15250.16039473,LP-ATM-RAF
15250.179455116,LP-ATM-RAF
15250.1985155021,LP-ATM-RAF
15250.2119036962,LP-ATM-RAF
15250.2386800844,LP-ATM-RAF
15250.2520682785,LP-ATM-RAF
15250.2860559723,LP-ATM-RAF
15250.3272549716,LP-ATM-RAF
15250.3478544713,LP-ATM-RAF
15250.4455876383,LP-ATM-RAF
15250.4944542218,LP-ATM-RAF
15250.6267906729,LP-ATM-RAF
15250.7937304082,LP-ATM-RAF
15250.8772002759,LP-ATM-RAF
15251.0842826522,LP-ATM-RAF
15251.2078951609,LP-ATM-RAF
15251.4551201783,LP-ATM-RAF
15251.7501888697,LP-ATM-RAF
15251.9216450524,LP-ATM-RAF
15252.2645574179,LP-ATM-RAF
15252.4360136006,LP-ATM-RAF
15252.8740290478,LP-ATM-RAF
15253.312044495,LP-ATM-RAF
15253.5310522186,LP-ATM-RAF
15254.0727648779,LP-ATM-RAF
15254.3436212076,LP-ATM-RAF
15254.8853338669,LP-ATM-RAF
15255.6059090675,LP-ATM-RAF
15255.9661966678,LP-ATM-RAF
15256.6867718684,LP-ATM-RAF
15257.134958852,LP-ATM-RAF
15258.0313328193,LP-ATM-RAF
15258.9277067865,LP-ATM-RAF
15259.4779989621,LP-ATM-RAF
15260.5785833131,LP-ATM-RAF
15261.1288754887,LP-ATM-RAF
15262.3495959307,LP-ATM-RAF
15263.6904524637,LP-ATM-RAF
15264.3608807302,LP-ATM-RAF
15265.8200600754,LP-ATM-RAF
15266.6088111542,LP-ATM-RAF
15268.1863133117,LP-ATM-RAF
15268.9750643905,LP-ATM-RAF
15270.8242543589,LP-ATM-RAF
15272.6734443273,LP-ATM-RAF
15273.5980393115,LP-ATM-RAF
15275.7294248168,LP-ATM-RAF
15276.7951175694,LP-ATM-RAF
15278.9265030748,LP-ATM-RAF
15281.3533268599,LP-ATM-RAF
15282.5667387525,LP-ATM-RAF
15284.9935625376,LP-ATM-RAF
15286.355848914,LP-ATM-RAF
15289.0804216669,LP-ATM-RAF
15291.8049944198,LP-ATM-RAF
15293.3166039118,LP-ATM-RAF
15296.3398228959,LP-ATM-RAF
15297.851432388,LP-ATM-RAF
15301.030012725,LP-ATM-RAF
15304.3639544149,LP-ATM-RAF
15306.0309252598,LP-ATM-RAF
15309.5278718603,LP-ATM-RAF
15311.3578476157,LP-ATM-RAF
15315,LP-ATM-RAF
15315,RP-XXX-RAF
15315.0001706009,RP-XXX-RAF
15315.0001706009,RP-XXX-RAF
15315.0003412017,RP-XXX-RAF
15315.0005118026,RP-XXX-RAF
15315.0005118026,RP-XXX-RAF
15315.0009631601,RP-XXX-RAF
15315.0014145176,RP-XXX-RAF
15315.0014145176,RP-XXX-RAF
15315.0018658752,RP-XXX-RAF
15315.0023172327,RP-XXX-RAF
15315.0023172327,RP-XXX-RAF
15315.0031636918,RP-XXX-RAF
15315.004010151,RP-XXX-RAF
15315.004010151,RP-XXX-RAF
15315.0048566101,RP-XXX-RAF
15315.0057030692,RP-XXX-RAF
15315.0057030692,RP-XXX-RAF
15315.0069714897,RP-XXX-RAF
15315.0082399102,RP-XXX-RAF
15315.0082399102,RP-XXX-RAF
15315.0095083307,RP-XXX-RAF
15315.0107767512,RP-XXX-RAF
15315.0107767512,RP-XXX-RAF
15315.0120451717,RP-XXX-RAF
15315.0143114654,RP-XXX-RAF
15315.0143114654,RP-XXX-RAF
15315.0165777592,RP-XXX-RAF
15315.0188440529,RP-XXX-RAF
15315.0188440529,RP-XXX-RAF
15315.0211103467,RP-XXX-RAF
15315.0233766404,RP-XXX-RAF
15315.0233766404,RP-XXX-RAF
15315.0271859449,RP-XXX-RAF
15315.0309952493,RP-XXX-RAF
15315.0309952493,RP-XXX-RAF
15315.0348045538,RP-XXX-RAF
15315.0386138583,RP-XXX-RAF
15315.0386138583,RP-XXX-RAF
15315.0424231628,RP-XXX-RAF
15315.0498645922,RP-XXX-RAF
15315.0498645922,RP-XXX-RAF
15315.0573060216,RP-XXX-RAF
15315.064747451,RP-XXX-RAF
15315.064747451,RP-XXX-RAF
15315.0721888805,RP-XXX-RAF
15315.0796303099,RP-XXX-RAF
15315.0796303099,RP-XXX-RAF
15315.0894099828,RP-XXX-RAF
15315.0991896556,RP-XXX-RAF
15315.0991896556,RP-XXX-RAF
15315.1089693285,RP-XXX-RAF
15315.1187490014,RP-XXX-RAF
15315.1187490014,RP-XXX-RAF
15315.1363095165,RP-XXX-RAF
15315.1538700316,RP-XXX-RAF
15315.1538700316,RP-XXX-RAF
15315.1714305467,RP-XXX-RAF
15315.1889910619,RP-XXX-RAF
15315.1889910619,RP-XXX-RAF
15315.206551577,RP-XXX-RAF
15315.2418954447,RP-XXX-RAF
15315.2418954447,RP-XXX-RAF
15315.2772393124,RP-XXX-RAF
15315.31258318,RP-XXX-RAF
15315.31258318,RP-XXX-RAF
15315.3479270477,RP-XXX-RAF
15315.3832709154,RP-XXX-RAF
15315.3832709154,RP-XXX-RAF
15315.4529373977,RP-XXX-RAF
15315.5226038799,RP-XXX-RAF
15315.5226038799,RP-XXX-RAF
15315.5922703621,RP-XXX-RAF
15315.6619368444,RP-XXX-RAF
15315.6619368444,RP-XXX-RAF
15315.7316033266,RP-XXX-RAF
15315.8515294719,RP-XXX-RAF
15315.8515294719,RP-XXX-RAF
15315.9714556173,RP-XXX-RAF
15316.0913817626,RP-XXX-RAF
15316.0913817626,RP-XXX-RAF
15316.2113079079,RP-XXX-RAF
15316.3312340533,RP-XXX-RAF
15316.3312340533,RP-XXX-RAF
15316.4727494282,RP-XXX-RAF
15316.6142648031,RP-XXX-RAF
15316.6142648031,RP-XXX-RAF
15316.7557801781,RP-XXX-RAF
15316.897295553,RP-XXX-RAF
15316.897295553,RP-XXX-RAF
15317.0388109279,RP-XXX-RAF
15317.3710418635,RP-XXX-RAF
15317.3710418635,RP-XXX-RAF
15317.703272799,RP-XXX-RAF
15318.0355037346,RP-XXX-RAF
15318.0355037346,RP-XXX-RAF
15318.3677346701,RP-XXX-RAF
15318.6999656057,RP-XXX-RAF
15318.6999656057,RP-XXX-RAF
15319,RP-XXX-RAF
15319,RP-FEE-XXX
15319,RP-FEE-XXX
15319.0003203501,RP-FEE-XXX
15319.0003203501,RP-FEE-XXX
15319.0003203501,RP-FEE-XXX
15319.0006407001,RP-FEE-XXX
15319.0006407001,RP-FEE-XXX
15319.0006407001,RP-FEE-XXX
15319.0009610502,RP-FEE-XXX
15319.0009610502,RP-FEE-XXX
15319.0009610502,RP-FEE-XXX
15319.0020133434,RP-FEE-XXX
15319.0020133434,RP-FEE-XXX
15319.0020133434,RP-FEE-XXX
15319.0030656365,RP-FEE-XXX
15319.0030656365,RP-FEE-XXX
15319.0030656365,RP-FEE-XXX
15319.0030656365,RP-FEE-XXX
15319.0041179297,RP-FEE-XXX
15319.0041179297,RP-FEE-XXX
15319.0041179297,RP-FEE-XXX
15319.0051702228,RP-FEE-XXX
15319.0051702228,RP-FEE-XXX
15319.0051702228,RP-FEE-XXX
15319.0072514928,RP-FEE-XXX
15319.0072514928,RP-FEE-XXX
15319.0072514928,RP-FEE-XXX
15319.0093327627,RP-FEE-XXX
15319.0093327627,RP-FEE-XXX
15319.0093327627,RP-FEE-XXX
15319.0114140326,RP-FEE-XXX
15319.0114140326,RP-FEE-XXX
15319.0114140326,RP-FEE-XXX
15319.0134953025,RP-FEE-XXX
15319.0134953025,RP-FEE-XXX
15319.0134953025,RP-FEE-XXX
15319.0155765724,RP-FEE-XXX
15319.0155765724,RP-FEE-XXX
15319.0155765724,RP-FEE-XXX
15319.0187822851,RP-FEE-XXX
15319.0187822851,RP-FEE-XXX
15319.0187822851,RP-FEE-XXX
15319.0219879978,RP-FEE-XXX
15319.0219879978,RP-FEE-XXX
15319.0219879978,RP-FEE-XXX
15319.0251937105,RP-FEE-XXX
15319.0251937105,RP-FEE-XXX
15319.0251937105,RP-FEE-XXX
15319.0283994231,RP-FEE-XXX
15319.0283994231,RP-FEE-XXX
15319.0283994231,RP-FEE-XXX
15319.0283994231,RP-FEE-XXX
15319.0316051358,RP-FEE-XXX
15319.0316051358,RP-FEE-XXX
15319.0316051358,RP-FEE-XXX
15319.0432128668,RP-FEE-XXX
15319.0432128668,RP-FEE-XXX
15319.0432128668,RP-FEE-XXX
15319.0548205978,RP-FEE-XXX
15319.0548205978,RP-FEE-XXX
15319.0548205978,RP-FEE-XXX
15319.0664283288,RP-FEE-XXX
15319.0664283288,RP-FEE-XXX
15319.0664283288,RP-FEE-XXX
15319.0780360598,RP-FEE-XXX
15319.0780360598,RP-FEE-XXX
15319.0780360598,RP-FEE-XXX
15319.1508097517,RP-FEE-XXX
15319.1508097517,RP-FEE-XXX
15319.1508097517,RP-FEE-XXX
15319.2235834436,RP-FEE-XXX
15319.2235834436,RP-FEE-XXX
15319.2235834436,RP-FEE-XXX
15319.2963571355,RP-FEE-XXX
15319.2963571355,RP-FEE-XXX
15319.2963571355,RP-FEE-XXX
15319.3691308274,RP-FEE-XXX
15319.3691308274,RP-FEE-XXX
15319.3691308274,RP-FEE-XXX
15319.4691308274,RP-FEE-XXX
15319.4691308274,RP-FEE-XXX
15319.4691308274,RP-FEE-XXX
15319.5691308274,RP-FEE-XXX
15319.5691308274,RP-FEE-XXX
15319.5691308274,RP-FEE-XXX
15319.5691308274,RP-FEE-XXX
15319.6691308274,RP-FEE-XXX
15319.6691308274,RP-FEE-XXX
15319.6691308274,RP-FEE-XXX
15319.7691308274,RP-FEE-XXX
15319.7691308274,RP-FEE-XXX
15319.7691308274,RP-FEE-XXX
15319.8691308274,RP-FEE-XXX
15319.8691308274,RP-FEE-XXX
15319.8691308274,RP-FEE-XXX
15319.9691308274,RP-FEE-XXX
15319.9691308274,RP-FEE-XXX
15319.9691308274,RP-FEE-XXX
15320,RP-FEE-XXX
15320,RP-FEE-XXX
15320,HP-FEE-RAF
15320.0024892295,HP-FEE-RAF
15320.0037338443,HP-FEE-RAF
15320.0095238757,HP-FEE-RAF
15320.0153139071,HP-FEE-RAF
15320.0284422212,HP-FEE-RAF
15320.0350063782,HP-FEE-RAF
15320.0868833895,HP-FEE-RAF
15320.3541563099,HP-FEE-RAF
15320.8368251393,HP-FEE-RAF
15321.078159554,HP-FEE-RAF
15322.4445957667,HP-FEE-RAF
15323.8110319793,HP-FEE-RAF
15324.4942500857,HP-FEE-RAF
15326.7077894732,HP-FEE-RAF
15328.9213288607,HP-FEE-RAF
15332.3651809126,HP-FEE-RAF
15334.7022632707,HP-FEE-RAF
15339.3764279871,HP-FEE-RAF
15345.1553017728,HP-FEE-RAF
15352.0388846278,HP-FEE-RAF
15355.4806760553,HP-FEE-RAF
15363.3632562701,HP-FEE-RAF
15372.2448338446,HP-FEE-RAF
15376.6856226319,HP-FEE-RAF
15386.462271587,HP-FEE-RAF
15397.1339919227,HP-FEE-RAF
15407.8057122584,HP-FEE-RAF
15414.1830411558,HP-FEE-RAF
15426.9376989506,HP-FEE-RAF
15427.617467164,HP-FEE-RAF
15427.6706032755,HP-FEE-RAF
15427.936283833,HP-FEE-RAF
15428.4676449481,HP-FEE-RAF
15433.0915155191,HP-FEE-RAF
15435.4034508046,HP-FEE-RAF
15443.1909344818,HP-FEE-RAF
15454.1420312649,HP-FEE-RAF
15465.0931280481,HP-FEE-RAF
15473.1393201708,HP-FEE-RAF
15489.2317044163,HP-FEE-RAF
15505.3240886618,HP-FEE-RAF
15523.707314335,HP-FEE-RAF
15532.8989271716,HP-FEE-RAF
15551.2821528448,HP-FEE-RAF
15571.8436982787,HP-FEE-RAF
15582.1244709956,HP-FEE-RAF
15602.6860164294,HP-FEE-RAF
15625.3847782704,HP-FEE-RAF
15648.0835401115,HP-FEE-RAF
15659.4329210321,HP-FEE-RAF
15684.2766262709,HP-FEE-RAF
15709.1203315097,HP-FEE-RAF
15735.1135531983,HP-FEE-RAF
15748.6849222674,HP-FEE-RAF
15775.8276604056,HP-FEE-RAF
15804.092258665,HP-FEE-RAF
15818.7854878554,HP-FEE-RAF
15848.1719462362,HP-FEE-RAF
15878.6631033896,HP-FEE-RAF
15910.2589593157,HP-FEE-RAF
15926.0568872788,HP-FEE-RAF
15958.8643183376,HP-FEE-RAF
15992.8833245291,HP-FEE-RAF
16026.9023307207,HP-FEE-RAF
16045.0820321177,HP-FEE-RAF
16081.4414349116,HP-FEE-RAF
16117.8008377056,HP-FEE-RAF
16137.2185000284,HP-FEE-RAF
16176.0538246741,HP-FEE-RAF
16214.8891493198,HP-FEE-RAF
16256.2559942783,HP-FEE-RAF
16276.9394167576,HP-FEE-RAF
16318.3062617161,HP-FEE-RAF
16362.4355019647,HP-FEE-RAF
16406.5647422132,HP-FEE-RAF
16428.6293623375,HP-FEE-RAF
16474.9811781052,HP-FEE-RAF
16521.3329938729,HP-FEE-RAF
16544.5089017567,HP-FEE-RAF
16593.5007758547,HP-FEE-RAF
16642.4926499527,HP-FEE-RAF
16694.3287542818,HP-FEE-RAF
16721.668921562,HP-FEE-RAF
16776.3492561223,HP-FEE-RAF
16844.8252809763,HP-FEE-RAF
16927.0969961237,HP-FEE-RAF
16968.2328536975,HP-FEE-RAF
17066.1824412968,HP-FEE-RAF
17179.8099013478,HP-FEE-RAF
17236.6236313734,HP-FEE-RAF
17401.9956175388,HP-FEE-RAF
17619.1121298188,HP-FEE-RAF
17836.2286420987,HP-FEE-RAF
17995.4998944957,HP-FEE-RAF
18314.0423992897,HP-FEE-RAF
18632.5849040838,HP-FEE-RAF
19314.830545884,HP-FEE-RAF
19655.9533667841,HP-FEE-RAF
20320,HP-FEE-RAF
20320,DP-ATM-XXX
20320.0008444405,DP-ATM-XXX
20320.0008444405,DP-ATM-XXX
20320.001688881,DP-ATM-XXX
20320.001688881,DP-ATM-XXX
20320.0025333214,DP-ATM-XXX
20320.0025333214,DP-ATM-XXX
20320.0092660127,DP-ATM-XXX
20320.015998704,DP-ATM-XXX
20320.015998704,DP-ATM-XXX
20320.0227313953,DP-ATM-XXX
20320.0227313953,DP-ATM-XXX
20320.0294640865,DP-ATM-XXX
20320.0294640865,DP-ATM-XXX
20320.0493813998,DP-ATM-XXX
20320.069298713,DP-ATM-XXX
20320.069298713,DP-ATM-XXX
20320.0892160263,DP-ATM-XXX
20320.0892160263,DP-ATM-XXX
20320.1091333395,DP-ATM-XXX
20320.2273581019,DP-ATM-XXX
20320.2273581019,DP-ATM-XXX
20320.3455828642,DP-ATM-XXX
20320.3455828642,DP-ATM-XXX
20320.4638076266,DP-ATM-XXX
20320.4638076266,DP-ATM-XXX
20320.5820323889,DP-ATM-XXX
20321.0545935274,DP-ATM-XXX
20321.0545935274,DP-ATM-XXX
20321.5271546659,DP-ATM-XXX
20321.5271546659,DP-ATM-XXX
20321.9997158044,DP-ATM-XXX
20321.9997158044,DP-ATM-XXX
20322.4722769429,DP-ATM-XXX
20322.9448380814,DP-ATM-XXX
20322.9448380814,DP-ATM-XXX
20323.5066704277,DP-ATM-XXX
20323.5066704277,DP-ATM-XXX
20324.068502774,DP-ATM-XXX
20324.068502774,DP-ATM-XXX
20324.6303351203,DP-ATM-XXX
20325.1921674666,DP-ATM-XXX
20325.1921674666,DP-ATM-XXX
20325.7539998129,DP-ATM-XXX
20325.7539998129,DP-ATM-XXX
20326.4175743344,DP-ATM-XXX
20326.4175743344,DP-ATM-XXX
20327.081148856,DP-ATM-XXX
20327.7447233775,DP-ATM-XXX
20327.7447233775,DP-ATM-XXX
20328.408297899,DP-ATM-XXX
20328.408297899,DP-ATM-XXX
20329.0718724206,DP-ATM-XXX
20329.8454278984,DP-ATM-XXX
20329.8454278984,DP-ATM-XXX
20330.6189833761,DP-ATM-XXX
20330.6189833761,DP-ATM-XXX
20331.3925388539,DP-ATM-XXX
20331.3925388539,DP-ATM-XXX
20332.1660943317,DP-ATM-XXX
20332.9396498095,DP-ATM-XXX
20332.9396498095,DP-ATM-XXX
20333.7334098753,DP-ATM-XXX
20333.7334098753,DP-ATM-XXX
20334.5271699411,DP-ATM-XXX
20334.5271699411,DP-ATM-XXX
20335.3209300069,DP-ATM-XXX
20336.1146900727,DP-ATM-XXX
20336.1146900727,DP-ATM-XXX
20336.9084501385,DP-ATM-XXX
20336.9084501385,DP-ATM-XXX
20337.8534045296,DP-ATM-XXX
20337.8534045296,DP-ATM-XXX
20338.7983589208,DP-ATM-XXX
20339.7433133119,DP-ATM-XXX
20339.7433133119,DP-ATM-XXX
20340.688267703,DP-ATM-XXX
20340.688267703,DP-ATM-XXX
20341.6332220942,DP-ATM-XXX
20341.6332220942,DP-ATM-XXX
20342.6766342346,DP-ATM-XXX
20343.720046375,DP-ATM-XXX
20343.720046375,DP-ATM-XXX
20344.7634585155,DP-ATM-XXX
20344.7634585155,DP-ATM-XXX
20345.8068706559,DP-ATM-XXX
20346.8502827963,DP-ATM-XXX
20346.8502827963,DP-ATM-XXX
20347.9039831388,DP-ATM-XXX
20347.9039831388,DP-ATM-XXX
20348.9576834812,DP-ATM-XXX
20348.9576834812,DP-ATM-XXX
20350.0113838237,DP-ATM-XXX
20351.0650841661,DP-ATM-XXX
20351.0650841661,DP-ATM-XXX
20352.1187845085,DP-ATM-XXX
20352.1187845085,DP-ATM-XXX
20353.6295909241,DP-ATM-XXX
20353.6295909241,DP-ATM-XXX
20355,DP-ATM-XXX
20355,LP-ATM-RAF
20355.0003105156,LP-ATM-RAF
20355.0004657733,LP-ATM-RAF
20355.0014353498,LP-ATM-RAF
20355.001920138,LP-ATM-RAF
20355.0032465226,LP-ATM-RAF
20355.0049297152,LP-ATM-RAF
20355.0057713114,LP-ATM-RAF
20355.0078497707,LP-ATM-RAF
20355.00992823,LP-ATM-RAF
20355.0109674596,LP-ATM-RAF
20355.0136694979,LP-ATM-RAF
20355.015020517,LP-ATM-RAF
20355.0177225553,LP-ATM-RAF
20355.0211618821,LP-ATM-RAF
20355.0228815455,LP-ATM-RAF
20355.0263208722,LP-ATM-RAF
20355.0284518623,LP-ATM-RAF
20355.0327138424,LP-ATM-RAF
20355.0369758226,LP-ATM-RAF
20355.0396010938,LP-ATM-RAF
20355.0448516363,LP-ATM-RAF
20355.0501021788,LP-ATM-RAF
20355.0533218223,LP-ATM-RAF
20355.0597611094,LP-ATM-RAF
20355.062980753,LP-ATM-RAF
20355.0700604798,LP-ATM-RAF
20355.0777806464,LP-ATM-RAF
20355.0816407297,LP-ATM-RAF
20355.0904117913,LP-ATM-RAF
20355.0953227696,LP-ATM-RAF
20355.1051447262,LP-ATM-RAF
20355.1164733416,LP-ATM-RAF
20355.1228909786,LP-ATM-RAF
20355.1357262527,LP-ATM-RAF
20355.1506746403,LP-ATM-RAF
20355.1592053909,LP-ATM-RAF
20355.176266892,LP-ATM-RAF
20355.1847976425,LP-ATM-RAF
20355.2085221303,LP-ATM-RAF
20355.232246618,LP-ATM-RAF
20355.2441088619,LP-ATM-RAF
20355.2798878619,LP-ATM-RAF
20355.297777362,LP-ATM-RAF
20355.3560080116,LP-ATM-RAF
20355.4366903108,LP-ATM-RAF
20355.4770314604,LP-ATM-RAF
20355.6326869077,LP-ATM-RAF
20355.7883423551,LP-ATM-RAF
20355.8661700787,LP-ATM-RAF
20356.0924154779,LP-ATM-RAF
20356.2055381775,LP-ATM-RAF
20356.4317835767,LP-ATM-RAF
20356.7455127915,LP-ATM-RAF
20356.9023773989,LP-ATM-RAF
20357.2161066137,LP-ATM-RAF
20357.6318002127,LP-ATM-RAF
20357.8396470122,LP-ATM-RAF
20358.2553406112,LP-ATM-RAF
20358.5111201201,LP-ATM-RAF
20359.0226791378,LP-ATM-RAF
20359.5342381556,LP-ATM-RAF
20359.8683554189,LP-ATM-RAF
20360.5365899455,LP-ATM-RAF
20360.8707072087,LP-ATM-RAF
20361.6248012077,LP-ATM-RAF
20362.4647546789,LP-ATM-RAF
20362.8847314146,LP-ATM-RAF
20363.8296152692,LP-ATM-RAF
20364.8794295072,LP-ATM-RAF
20365.4043366262,LP-ATM-RAF
20366.561318002,LP-ATM-RAF
20367.1933922588,LP-ATM-RAF
20368.4575407723,LP-ATM-RAF
20369.8504440142,LP-ATM-RAF
20370.6112729994,LP-ATM-RAF
20372.1329309696,LP-ATM-RAF
20372.8937599547,LP-ATM-RAF
20374.6588758675,LP-ATM-RAF
20376.4239917804,LP-ATM-RAF
20377.3065497368,LP-ATM-RAF
20379.3698689034,LP-ATM-RAF
20381.43318807,LP-ATM-RAF
20382.4648476533,LP-ATM-RAF
20384.8027302713,LP-ATM-RAF
20385.9716715802,LP-ATM-RAF
20388.3095541982,LP-ATM-RAF
20390.9481040384,LP-ATM-RAF
20392.2673789585,LP-ATM-RAF
20394.9059287986,LP-ATM-RAF
20396.3830346042,LP-ATM-RAF
20399.3372462154,LP-ATM-RAF
20402.2914578265,LP-ATM-RAF
20403.9341307311,LP-ATM-RAF
20407.2194765402,LP-ATM-RAF
20410.5048223494,LP-ATM-RAF
20412.2933890317,LP-ATM-RAF
20415.8705223962,LP-ATM-RAF
20417.6590890785,LP-ATM-RAF
20420,LP-ATM-RAF
