0,0
0,0
0,0
0,0
0,0
0,0
0,0
0,0
0,0
0,0
0,0
0,0
0,0
0,0
0,0
0,0
0,0
0,0
0,0
0,0
0,0
0,0
0,0
0,0
0,0
0,0
0,0
0,0
0,0
0,0
0,0
0,0
0,0
0,0
0,0
0,0
0,0
0,0
0,0
0,0
0,0
0,0
0,0
0,0
0,0
0,0
0,0
0,0
0,0
0,0
0,0
0,0
0,0
0,0
0,0
0,0
0,0
0,0
0,0
0,0
0,0
0,0
0,0
0,0
0,0
0,0
0,0
0,0
0,0
0,0
0,0
0,0
0,0
0,0
0,0
0,0
0,0
0,0
0,0
0,0
0,0
0,0
0,0
0,0
0,0
0,0
0,0
0,0
0,0
0,0
0,0
0,0
0,0
0,0
0,0
0,0
0,0
0,0
0,0
0,0
0.613629423010698,0.613629423010698
0.613629423010698,0.613629423010698
0.613627730291123,0.613627730291123
0.613627730291123,0.613627730291123
0.613627730291123,0.613627730291123
0.613627730291123,0.613627730291123
0.613626037871853,0.613626037871853
0.613626037871853,0.613626037871853
0.613626037871853,0.613626037871853
0.613626037871853,0.613626037871853
0.613624345754419,0.613624345754419
0.613624345754419,0.613624345754419
0.613624345754419,0.613624345754419
0.613624345754419,0.613624345754419
0.613611959906554,0.613611959906554
0.613611959906554,0.613611959906554
0.613611959906554,0.613611959906554
0.613611959906554,0.613611959906554
0.613599588131318,0.613599588131318
0.613599588131318,0.613599588131318
0.613599588131318,0.613599588131318
0.613599588131318,0.613599588131318
0.613587229046664,0.613587229046664
0.613587229046664,0.613587229046664
0.613587229046664,0.613587229046664
0.613587229046664,0.613587229046664
0.613574881249599,0.613574881249599
0.613574881249599,0.613574881249599
0.613574881249599,0.613574881249599
0.613574881249599,0.613574881249599
0.613541306798895,0.613541306798895
0.613541306798895,0.613541306798895
0.613541306798895,0.613541306798895
0.613541306798895,0.613541306798895
0.613507786063191,0.613507786063191
0.613507786063191,0.613507786063191
0.613507786063191,0.613507786063191
0.613507786063191,0.613507786063191
0.613474303341608,0.613474303341608
0.613474303341608,0.613474303341608
0.613474303341608,0.613474303341608
0.613474303341608,0.613474303341608
0.613440847892294,0.613440847892294
0.613440847892294,0.613440847892294
0.613440847892294,0.613440847892294
0.613440847892294,0.613440847892294
0.613407412275119,0.613407412275119
0.613407412275119,0.613407412275119
0.613407412275119,0.613407412275119
0.613407412275119,0.613407412275119
0.613365673957743,0.613365673957743
0.613365673957743,0.613365673957743
0.613365673957743,0.613365673957743
0.613365673957743,0.613365673957743
0.613323950814053,0.613323950814053
0.613323950814053,0.613323950814053
0.613323950814053,0.613323950814053
0.613323950814053,0.613323950814053
0.61328223787976,0.61328223787976
0.61328223787976,0.61328223787976
0.61328223787976,0.61328223787976
0.61328223787976,0.61328223787976
0.613240532004117,0.613240532004117
0.613240532004117,0.613240532004117
0.613240532004117,0.613240532004117
0.613240532004117,0.613240532004117
0.613198831140101,0.613198831140101
0.613198831140101,0.613198831140101
0.613198831140101,0.613198831140101
0.613198831140101,0.613198831140101
0.613114917905284,0.613114917905284
0.613114917905284,0.613114917905284
0.613114917905284,0.613114917905284
0.613114917905284,0.613114917905284
0.613031013197715,0.613031013197715
0.613031013197715,0.613031013197715
0.613031013197715,0.613031013197715
0.613031013197715,0.613031013197715
0.61294711439787,0.61294711439787
0.61294711439787,0.61294711439787
0.61294711439787,0.61294711439787
0.61294711439787,0.61294711439787
0.612863221006644,0.612863221006644
0.612863221006644,0.612863221006644
0.612863221006644,0.612863221006644
0.612863221006644,0.612863221006644
0.612779333003066,0.612779333003066
0.612779333003066,0.612779333003066
0.612779333003066,0.612779333003066
0.612779333003066,0.612779333003066
0.612671591932163,0.612671591932163
0.612671591932163,0.612671591932163
0.612671591932163,0.612671591932163
0.612671591932163,0.612671591932163
0.61256385996667,0.61256385996667
0.61256385996667,0.61256385996667
0.61256385996667,0.61256385996667
0.61256385996667,0.61256385996667
0.612550650865175,0.612550650865175
0.612550650865175,0.612550650865175
0.495271703250528,0.495271703250528
0.495271686133876,0.495271686133876
0.495271669017221,0.495271669017221
0.495271651900561,0.495271651900561
0.495271611018938,0.495271611018938
0.495271570137287,0.495271570137287
0.495271529255612,0.495271529255612
0.495271488373914,0.495271488373914
0.495271404548651,0.495271404548651
0.495271320723287,0.495271320723287
0.495271236897825,0.495271236897825
0.495271153072265,0.495271153072265
0.495270985108388,0.495270985108388
0.495270817144113,0.495270817144113
0.495270649179439,0.495270649179439
0.495270481214368,0.495270481214368
0.495270155360237,0.495270155360237
0.495269829504618,0.495269829504618
0.49526950364751,0.49526950364751
0.495269177788908,0.495269177788908
0.495268851928811,0.495268851928811
0.495268333649951,0.495268333649951
0.495267815367324,0.495267815367324
0.495267297080927,0.495267297080927
0.495266778790751,0.495266778790751
0.495265564716278,0.495265564716278
0.495264868928969,0.495264868928969
0.495264173134858,0.495264173134858
0.495263477333937,0.495263477333937
0.495262781526197,0.495262781526197
0.495261894539593,0.495261894539593
0.495261007541892,0.495261007541892
0.495260120533106,0.495260120533106
0.49525923351325,0.49525923351325
0.495258346482331,0.495258346482331
0.495257459440346,0.495257459440346
0.495256131403108,0.495256131403108
0.495254803341035,0.495254803341035
0.495253475254135,0.495253475254135
0.495252147142412,0.495252147142412
0.495250819005887,0.495250819005887
0.495249490844561,0.495249490844561
0.495247771290162,0.495247771290162
0.49524605169415,0.49524605169415
0.495244332056536,0.495244332056536
0.495242612377322,0.495242612377322
0.495240892656521,0.495240892656521
0.495239172894125,0.495239172894125
0.495237056791391,0.495237056791391
0.495234940625674,0.495234940625674
0.495232824396973,0.495232824396973
0.495230708105287,0.495230708105287
0.495228591750616,0.495228591750616
0.495226475332957,0.495226475332957
0.49522392170968,0.49522392170968
0.49522156296301,0.49522156296301
0.495221203679616,0.495221203679616
0.495220844394349,0.495220844394349
0.495220485107259,0.495220485107259
0.495219038640048,0.495219038640048
0.495217592142513,0.495217592142513
0.495216145615292,0.495216145615292
0.495214699058609,0.495214699058609
0.49521225750336,0.49521225750336
0.495209815864364,0.495209815864364
0.495207374141584,0.495207374141584
0.495204932334987,0.495204932334987
0.495202490444567,0.495202490444567
0.495198524849513,0.495198524849513
0.495194559033424,0.495194559033424
0.495190592996295,0.495190592996295
0.495186626738117,0.495186626738117
0.495182660258881,0.495182660258881
0.495177316696045,0.495177316696045
0.49517197273203,0.49517197273203
0.495161283600379,0.495161283600379
0.495155938432704,0.495155938432704
0.495148581245933,0.495148581245933
0.495141223299049,0.495141223299049
0.495133864591998,0.495133864591998
0.495126505124729,0.495126505124729
0.495119144897189,0.495119144897189
0.495093421036312,0.495093421036312
0.495067687890098,0.495067687890098
0.495041945456522,0.495041945456522
0.495016193733367,0.495016193733367
0.494926785496789,0.494926785496789
0.494837265335442,0.494837265335442
0.494747633164259,0.494747633164259
0.494657888890555,0.494657888890555
0.494397277337449,0.494397277337449
0.494135721877921,0.494135721877921
0.493873220434147,0.493873220434147
0.493609770764532,0.493609770764532
0.493245481945062,0.493245481945062
0.492879386004513,0.492879386004513
0.492511476777776,0.492511476777776
0.492141748291905,0.492141748291905
0.491770194769973,0.491770194769973
0.491578168274601,0.491578168274601
0,0
0,0
0,0
0,0
0,0
0,0
0,0
0,0
0,0
0,0
0,0
0,0
0,0
0,0
0,0
0,0
0,0
0,0
0,0
0,0
0,0
0,0
0,0
0,0
0,0
0,0
0,0
0,0
0,0
0,0
0,0
0,0
0,0
0,0
0,0
0,0
0,0
0,0
0,0
0,0
0,0
0,0
0,0
0,0
0,0
0,0
0,0
0,0
0,0
0,0
0,0
0,0
0,0
0,0
0,0
0,0
0,0
0,0
0,0
0,0
0,0
0,0
0,0
0,0
0,0
0,0
0,0
0,0
0,0
0,0
0,0
0,0
0,0
0,0
0,0
0,0
0,0
0,0
0,0
0,0
0,0
0,0
0,0
0,0
0,0
0,0
0,0
0,0
0,0
0,0
0,0
0,0
0,0
0,0
0,0
0,0
0,0
0,0
0,0
0,0
0,0
0,0
0,0
0,0
0,0
0,0
0,0
0,0
0,0
0,0
0,0
0,0
0,0
0,0
0,0
0,0
0,0
0,0
0,0
0,0
0,0
0,0
0,0
0,0
0,0
0,0
0,0
0,0
0,0
0,0
0,0
0,0
0,0
0,0
0,0
0,0
0,0
0,0
0,0
0,0
0,0
0,0
0,0
0,0
0,0
0,0
0,0
0,0
0,0
0,0
0,0
0,0
0,0
0,0
0,0
0,0
0,0
0,0
0,0
0,0
0,0
0,0
0,0
0,0
0,0
0,0
0,0
0,0
0,0
0,0
0,0
0,0
0,0
0,0
0,0
0,0
0,0
0,0
0,0
0,0
0,0
0,0
0,0
0,0
0,0
0,0
0,0
0,0
0,0
0,0
0,0
0,0
0,0
0,0
0,0
0,0
0,0
0,0
0,0
0,0
0,0
0,0
0,0
0,0
0,0
0,0
0,0
0,0
0,0
0,0
0,0
0,0
0,0
0,0
0,0
0,0
0,0
0,0
0,0
0,0
0,0
0,0
0,0
0,0
0,0
0,0
0,0
0,0
0,0
0,0
0,0
0,0
0,0
0,0
0,0
0,0
0,0
0,0
0,0
0,0
0,0
0,0
0,0
0,0
0,0
0,0
0,0
0,0
0,0
0,0
0,0
0,0
0,0
0,0
0,0
0,0
0,0
0,0
0,0
0,0
0,0
0,0
0,0
0,0
0,0
0,0
0,0
0,0
0,0
0,0
0,0
0,0
0,0
0,0
0,0
0,0
0,0
0,0
0,0
0,0
0,0
0,0
0,0
0,0
0,0
0,0
0,0
0,0
0,0
0,0
0,0
0,0
0,0
0,0
0,0
0,0
0,0
0,0
0,0
0,0
0.463868040779997,0.463868040779997
0.463868040779997,0.463868040779997
0.463868040779997,0.463868040779997
0.463859231886099,0.463859231886099
0.463859231886099,0.463859231886099
0.463859231886099,0.463859231886099
0.463859231886099,0.463859231886099
0.463859231886099,0.463859231886099
0.463859231886099,0.463859231886099
0.463850429057259,0.463850429057259
0.463850429057259,0.463850429057259
0.463850429057259,0.463850429057259
0.463850429057259,0.463850429057259
0.463850429057259,0.463850429057259
0.463841631807785,0.463841631807785
0.463841631807785,0.463841631807785
0.463841631807785,0.463841631807785
0.463841631807785,0.463841631807785
0.463841631807785,0.463841631807785
0.463841631807785,0.463841631807785
0.463815611968554,0.463815611968554
0.463815611968554,0.463815611968554
0.463815611968554,0.463815611968554
0.463815611968554,0.463815611968554
0.463815611968554,0.463815611968554
0.463789624854504,0.463789624854504
0.463789624854504,0.463789624854504
0.463789624854504,0.463789624854504
0.463789624854504,0.463789624854504
0.463789624854504,0.463789624854504
0.463789624854504,0.463789624854504
0.463763662509334,0.463763662509334
0.463763662509334,0.463763662509334
0.463763662509334,0.463763662509334
0.463763662509334,0.463763662509334
0.463763662509334,0.463763662509334
0.46373771815151,0.46373771815151
0.46373771815151,0.46373771815151
0.46373771815151,0.46373771815151
0.46373771815151,0.46373771815151
0.46373771815151,0.46373771815151
0.46373771815151,0.46373771815151
0.463687655650649,0.463687655650649
0.463687655650649,0.463687655650649
0.463687655650649,0.463687655650649
0.463687655650649,0.463687655650649
0.463687655650649,0.463687655650649
0.463637618337844,0.463637618337844
0.463637618337844,0.463637618337844
0.463637618337844,0.463637618337844
0.463637618337844,0.463637618337844
0.463637618337844,0.463637618337844
0.463637618337844,0.463637618337844
0.463587593727257,0.463587593727257
0.463587593727257,0.463587593727257
0.463587593727257,0.463587593727257
0.463587593727257,0.463587593727257
0.463587593727257,0.463587593727257
0.463537576859117,0.463537576859117
0.463537576859117,0.463537576859117
0.463537576859117,0.463537576859117
0.463537576859117,0.463537576859117
0.463537576859117,0.463537576859117
0.463537576859117,0.463537576859117
0.463487565530236,0.463487565530236
0.463487565530236,0.463487565530236
0.463487565530236,0.463487565530236
0.463487565530236,0.463487565530236
0.463487565530236,0.463487565530236
0.463405884631445,0.463405884631445
0.463405884631445,0.463405884631445
0.463405884631445,0.463405884631445
0.463405884631445,0.463405884631445
0.463405884631445,0.463405884631445
0.463405884631445,0.463405884631445
0.463324211801107,0.463324211801107
0.463324211801107,0.463324211801107
0.463324211801107,0.463324211801107
0.463324211801107,0.463324211801107
0.463324211801107,0.463324211801107
0.463242545828366,0.463242545828366
0.463242545828366,0.463242545828366
0.463242545828366,0.463242545828366
0.463242545828366,0.463242545828366
0.463242545828366,0.463242545828366
0.463242545828366,0.463242545828366
0.463160886560168,0.463160886560168
0.463160886560168,0.463160886560168
0.463160886560168,0.463160886560168
0.463160886560168,0.463160886560168
0.463160886560168,0.463160886560168
0.463079234270613,0.463079234270613
0.463079234270613,0.463079234270613
0.463079234270613,0.463079234270613
0.463079234270613,0.463079234270613
0.463079234270613,0.463079234270613
0.463079234270613,0.463079234270613
0.463050705603044,0.463050705603044
0.463050705603044,0.463050705603044
0.463050705603044,0.463050705603044
0.374395017508286,0.374395017508286
0.374394962805713,0.374394962805713
0.374394908103132,0.374394908103132
0.374394853400543,0.374394853400543
0.374394725073671,0.374394725073671
0.374394596746747,0.374394596746747
0.374394468419775,0.374394468419775
0.374394340092758,0.374394340092758
0.374394039262063,0.374394039262063
0.374393738431126,0.374393738431126
0.374393437599938,0.374393437599938
0.374392289429914,0.374392289429914
0.374391141255935,0.374391141255935
0.374391141255935,0.374391141255935
0.374389993078198,0.374389993078198
0.374388844896779,0.374388844896779
0.374386590376093,0.374386590376093
0.374384335841368,0.374384335841368
0.374382081292564,0.374382081292564
0.374379826729612,0.374379826729612
0.374377572152488,0.374377572152488
0.374373384690783,0.374373384690783
0.374369197180277,0.374369197180277
0.374365009621008,0.374365009621008
0.374360822012993,0.374360822012993
0.374356634356232,0.374356634356232
0.374350318656002,0.374350318656002
0.374344002844855,0.374344002844855
0.374337686922815,0.374337686922815
0.374331370889919,0.374331370889919
0.374325054746184,0.374325054746184
0.37431624740957,0.37431624740957
0.374307439857379,0.374307439857379
0.374298632089658,0.374298632089658
0.374289824106477,0.374289824106477
0.374281015907869,0.374281015907869
0.374269520160058,0.374269520160058
0.374258024045271,0.374258024045271
0.374258024045271,0.374258024045271
0.374246527563555,0.374246527563555
0.374235030714986,0.374235030714986
0.374223533499612,0.374223533499612
0.374209087957126,0.374209087957126
0.374194641835667,0.374194641835667
0.374180195135297,0.374180195135297
0.3741657478561,0.3741657478561
0.374151299998152,0.374151299998152
0.374133790270143,0.374133790270143
0.374116279692337,0.374116279692337
0.374098768264843,0.374098768264843
0.374081255987782,0.374081255987782
0.374063742861276,0.374063742861276
0.374043047279546,0.374043047279546
0.374022350512072,0.374022350512072
0.374001652559042,0.374001652559042
0.373980953420649,0.373980953420649
0.373960253097085,0.373960253097085
0.373936306098931,0.373936306098931
0.373912357515433,0.373912357515433
0.373888407346888,0.373888407346888
0.373864455593593,0.373864455593593
0.373840502255846,0.373840502255846
0.373840502255846,0.373840502255846
0.373808015279837,0.373808015279837
0.373775525391062,0.373775525391062
0.373743032590263,0.373743032590263
0.373710536878182,0.373710536878182
0.373678038255563,0.373678038255563
0.373637642849946,0.373637642849946
0.37359724295097,0.37359724295097
0.373556838560064,0.373556838560064
0.373516429678658,0.373516429678658
0.373476016308183,0.373476016308183
0.373416200013822,0.373416200013822
0.373356373895608,0.373356373895608
0.373296537958188,0.373296537958188
0.373236692206214,0.373236692206214
0.373176836644338,0.373176836644338
0.373087608868656,0.373087608868656
0.373086400455624,0.373086400455624
0.373085192038311,0.373085192038311
0.373083983616962,0.373083983616962
0.373071899551256,0.373071899551256
0.373059815060467,0.373059815060467
0.373047730166616,0.373047730166616
0.372926857060442,0.372926857060442
0.372805942930743,0.372805942930743
0.372805942930743,0.372805942930743
0.372684988640307,0.372684988640307
0.372563994513876,0.372563994513876
0.371887247200531,0.371887247200531
0.371209265199199,0.371209265199199
0.370530056256469,0.370530056256469
0.369849627275606,0.369849627275606
0.3691679868663,0.3691679868663
0.36848514167905,0.36848514167905
0.367801097823436,0.367801097823436
0.367115861916269,0.367115861916269
0.36642944108693,0.36642944108693
0.366274827237321,0.366274827237321
0,0
0,0
0,0
0,0
0,0
0,0
0,0
0,0
0,0
0,0
0,0
0,0
0,0
0,0
0,0
0,0
0,0
0,0
0,0
0,0
0,0
0,0
0,0
0,0
0,0
0,0
0,0
0,0
0,0
0,0
0,0
0,0
0,0
0,0
0,0
0,0
0,0
0,0
0,0
0,0
0,0
0,0
0,0
0,0
0,0
0,0
0,0
0,0
0,0
0,0
0,0
0,0
0,0
0,0
0,0
0,0
0,0
0,0
0,0
0,0
0,0
0,0
0,0
0,0
0,0
0,0
0,0
0,0
0,0
0,0
0,0
0,0
0,0
0,0
0,0
0,0
0,0
0,0
0,0
0,0
0,0
0,0
0,0
0,0
0,0
0,0
0,0
0,0
0,0
0,0
0,0
0,0
0,0
0,0
0,0
0,0
0,0
0,0
0,0
0,0
0,0
0,0
0,0
0,0
0,0
0,0
0,0
0,0
0,0
0,0
0,0
0,0
0,0
0,0
0,0
0,0
0,0
0,0
0,0
0,0
0,0
0,0
0,0
0,0
0,0
0,0
0,0
0,0
0,0
0,0
0,0
0,0
0,0
0,0
0,0
0,0
0,0
0,0
0,0
0,0
0,0
0,0
0,0
0,0
0,0
0,0
0,0
0,0
0,0
0,0
0,0
0,0
0,0
0,0
0,0
0,0
0,0
0,0
0,0
0,0
0,0
0,0
0,0
0,0
0,0
0,0
0,0
0,0
0,0
0,0
0,0
0,0
0,0
0,0
0,0
0,0
0,0
0,0
0,0
0,0
0,0
0,0
0,0
0,0
0,0
0,0
0,0
0,0
0,0
0,0
0,0
0,0
0,0
0,0
0,0
0,0
0,0
0,0
0,0
0,0
0,0
0,0
0,0
0,0
0,0
0,0
0,0
0,0
0,0
0,0
0,0
0,0
0,0
0,0
0,0
0,0
0,0
0,0
0,0
0,0
0,0
0,0
0,0
0,0
0,0
0,0
0,0
0,0
0,0
0,0
0,0
0,0
0,0
0,0
0,0
0,0
0,0
0,0
0,0
0,0
0,0
0,0
0,0
0,0
0,0
0,0
0,0
0,0
0,0
0,0
0,0
0,0
0,0
0,0
0,0
0,0
0,0
0,0
0,0
0,0
0,0
0,0
0,0
0,0
0,0
0,0
0,0
0,0
0,0
0,0
0,0
0,0
0,0
0,0
0,0
0,0
0,0
0,0
0,0
0,0
0,0
0,0
0,0
0,0
0,0
0,0
0,0
0,0
0,0
0,0
0,0
0,0
0,0
0,0
0,0
0,0
0,0
0,0
0,0
0,0
0.320666621603439,0.320666621603439
0.320666621603439,0.320666621603439
0.320666621603439,0.320666621603439
0.320666621603439,0.320666621603439
0.320666621603439,0.320666621603439
0.320633945504135,0.320633945504135
0.320633945504135,0.320633945504135
0.320633945504135,0.320633945504135
0.320633945504135,0.320633945504135
0.320633945504135,0.320633945504135
0.320633945504135,0.320633945504135
0.320633945504135,0.320633945504135
0.320633945504135,0.320633945504135
0.320601303806883,0.320601303806883
0.320601303806883,0.320601303806883
0.320601303806883,0.320601303806883
0.320601303806883,0.320601303806883
0.320601303806883,0.320601303806883
0.320601303806883,0.320601303806883
0.320601303806883,0.320601303806883
0.320601303806883,0.320601303806883
0.320568684257174,0.320568684257174
0.320568684257174,0.320568684257174
0.320568684257174,0.320568684257174
0.320568684257174,0.320568684257174
0.320568684257174,0.320568684257174
0.320568684257174,0.320568684257174
0.320568684257174,0.320568684257174
0.320568684257174,0.320568684257174
0.320511988524751,0.320511988524751
0.320511988524751,0.320511988524751
0.320511988524751,0.320511988524751
0.320511988524751,0.320511988524751
0.320511988524751,0.320511988524751
0.320511988524751,0.320511988524751
0.320511988524751,0.320511988524751
0.320511988524751,0.320511988524751
0.320511988524751,0.320511988524751
0.320455311129921,0.320455311129921
0.320455311129921,0.320455311129921
0.320455311129921,0.320455311129921
0.320455311129921,0.320455311129921
0.320455311129921,0.320455311129921
0.320455311129921,0.320455311129921
0.320455311129921,0.320455311129921
0.320455311129921,0.320455311129921
0.320398644516311,0.320398644516311
0.320398644516311,0.320398644516311
0.320398644516311,0.320398644516311
0.320398644516311,0.320398644516311
0.320398644516311,0.320398644516311
0.320398644516311,0.320398644516311
0.320398644516311,0.320398644516311
0.320398644516311,0.320398644516311
0.320341985309462,0.320341985309462
0.320341985309462,0.320341985309462
0.320341985309462,0.320341985309462
0.320341985309462,0.320341985309462
0.320341985309462,0.320341985309462
0.320341985309462,0.320341985309462
0.320341985309462,0.320341985309462
0.320341985309462,0.320341985309462
0.320285332196227,0.320285332196227
0.320285332196227,0.320285332196227
0.320285332196227,0.320285332196227
0.320285332196227,0.320285332196227
0.320285332196227,0.320285332196227
0.320285332196227,0.320285332196227
0.320285332196227,0.320285332196227
0.320285332196227,0.320285332196227
0.320285332196227,0.320285332196227
0.320228684772211,0.320228684772211
0.320228684772211,0.320228684772211
0.320228684772211,0.320228684772211
0.320228684772211,0.320228684772211
0.320228684772211,0.320228684772211
0.320228684772211,0.320228684772211
0.320228684772211,0.320228684772211
0.320228684772211,0.320228684772211
0.32017204301213,0.32017204301213
0.32017204301213,0.32017204301213
0.32017204301213,0.32017204301213
0.32017204301213,0.32017204301213
0.32017204301213,0.32017204301213
0.32017204301213,0.32017204301213
0.32017204301213,0.32017204301213
0.32017204301213,0.32017204301213
0.320115405877238,0.320115405877238
0.320115405877238,0.320115405877238
0.320115405877238,0.320115405877238
0.320115405877238,0.320115405877238
0.320115405877238,0.320115405877238
0.320115405877238,0.320115405877238
0.320115405877238,0.320115405877238
0.320115405877238,0.320115405877238
0.320099835038381,0.320099835038381
0.320099835038381,0.320099835038381
0.320099835038381,0.320099835038381
0.320099835038381,0.320099835038381
0.320099835038381,0.320099835038381
0.258813520621932,0.258813520621932
0.258813306936716,0.258813306936716
0.258813093251517,0.258813093251517
0.258813093251517,0.258813093251517
0.25881287956634,0.25881287956634
0.258812025120714,0.258812025120714
0.25881117067538,0.25881117067538
0.258810316230413,0.258810316230413
0.258808055647085,0.258808055647085
0.258808055647085,0.258808055647085
0.258805795065089,0.258805795065089
0.258803534485368,0.258803534485368
0.258801273908263,0.258801273908263
0.258796672848448,0.258796672848448
0.258796672848448,0.258796672848448
0.258792071799713,0.258792071799713
0.258787470762083,0.258787470762083
0.258782869735565,0.258782869735565
0.258773273143441,0.258773273143441
0.25876367659969,0.25876367659969
0.25876367659969,0.25876367659969
0.258754080104311,0.258754080104311
0.258744483657313,0.258744483657313
0.258728255837038,0.258728255837038
0.258712028155201,0.258712028155201
0.258712028155201,0.258712028155201
0.258695800611951,0.258695800611951
0.258679573207437,0.258679573207437
0.258663345941786,0.258663345941786
0.258634798854632,0.258634798854632
0.25860625219785,0.25860625219785
0.25860625219785,0.25860625219785
0.258577705972158,0.258577705972158
0.2585491601784,0.2585491601784
0.258520614817275,0.258520614817275
0.258480185338993,0.258480185338993
0.258480185338993,0.258480185338993
0.258439756731287,0.258439756731287
0.258399328995549,0.258399328995549
0.258358902133439,0.258358902133439
0.258318476146732,0.258318476146732
0.258266137372025,0.258266137372025
0.258266137372025,0.258266137372025
0.258213800071308,0.258213800071308
0.25816146424823,0.25816146424823
0.25810912990645,0.25810912990645
0.258056797049636,0.258056797049636
0.258056797049636,0.258056797049636
0.257993490696994,0.257993490696994
0.257930186529369,0.257930186529369
0.257866884553257,0.257866884553257
0.257803584775149,0.257803584775149
0.257740287201537,0.257740287201537
0.257740287201537,0.257740287201537
0.257666627603452,0.257666627603452
0.257592971009952,0.257592971009952
0.257519317431264,0.257519317431264
0.257445666877615,0.257445666877615
0.257445666877615,0.257445666877615
0.257372019359226,0.257372019359226
0.257277885473351,0.257277885473351
0.257183756584733,0.257183756584733
0.257175680817022,0.257175680817022
0.2571745729433,0.2571745729433
0.2571745729433,0.2571745729433
0.257173465070057,0.257173465070057
0.257172357197476,0.257172357197476
0.257161278784589,0.257161278784589
0.257150200421815,0.257150200421815
0.257150200421815,0.257150200421815
0.257139122125627,0.257139122125627
0.257064777433387,0.257064777433387
0.256990435313476,0.256990435313476
0.25691609618239,0.25691609618239
0.256841760193071,0.256841760193071
0.256841760193071,0.256841760193071
0.256728295277011,0.256728295277011
0.256614837836509,0.256614837836509
0.256501387889318,0.256501387889318
0.256387945458439,0.256387945458439
0.256387945458439,0.256387945458439
0.256274510580291,0.256274510580291
0.256109343143878,0.256109343143878
0.255944191928128,0.255944191928128
0.255779057049117,0.255779057049117
0.255613938621466,0.255613938621466
0.255613938621466,0.255613938621466
0.255448836759802,0.255448836759802
0.254995492804901,0.254995492804901
0.254542277047725,0.254542277047725
0.254089191865732,0.254089191865732
0.254089191865732,0.254089191865732
0.253636239634308,0.253636239634308
0.253183422726019,0.253183422726019
0.252443789539573,0.252443789539573
0.251704533771387,0.251704533771387
0.250965666282018,0.250965666282018
0.250965666282018,0.250965666282018
0.250227197406938,0.250227197406938
0.24977651839316,0.24977651839316
0,0
0,0
0,0
0,0
0,0
0,0
0,0
0,0
0,0
0,0
0,0
0,0
0,0
0,0
0,0
0,0
0,0
0,0
0,0
0,0
0,0
0,0
0,0
0,0
0,0
0,0
0,0
0,0
0,0
0,0
0,0
0,0
0,0
0,0
0,0
0,0
0,0
0,0
0,0
0,0
0,0
0,0
0,0
0,0
0,0
0,0
0,0
0,0
0,0
0,0
0,0
0,0
0,0
0,0
0,0
0,0
0,0
0,0
0,0
0,0
0,0
0,0
0,0
0,0
0,0
0,0
0,0
0,0
0,0
0,0
0,0
0,0
0,0
0,0
0,0
0,0
0,0
0,0
0,0
0,0
0,0
0,0
0,0
0,0
0,0
0,0
0,0
0,0
0,0
0,0
0,0
0,0
0,0
0,0
0,0
0,0
0,0
0,0
0,0
0,0
0,0
0,0
0,0
0,0
0,0
0,0
0,0
0,0
0,0
0,0
0,0
0,0
0,0
0,0
0,0
0,0
0,0
0,0
0,0
0,0
0,0
0,0
0,0
0,0
0,0
0,0
0,0
0,0
0,0
0,0
0,0
0,0
0,0
0,0
0,0
0,0
0,0
0,0
0,0
0,0
0,0
0,0
0,0
0,0
0,0
0,0
0,0
0,0
0,0
0,0
0,0
0,0
0,0
0,0
0,0
0,0
0,0
0,0
0,0
0,0
0,0
0,0
0,0
0,0
0,0
0,0
0,0
0,0
0,0
0,0
0,0
0,0
0,0
0,0
0,0
0,0
0,0
0,0
0,0
0,0
0,0
0,0
0,0
0,0
0,0
0,0
0,0
0,0
0,0
0,0
0,0
0,0
0,0
0,0
0,0
0,0
0,0
0,0
0,0
0,0
0,0
0,0
0,0
0,0
0,0
0,0
0,0
0,0
0,0
0,0
0,0
0,0
0,0
0,0
0,0
0,0
0,0
0,0
0,0
0,0
0,0
0,0
0,0
0,0
0,0
0,0
0,0
0,0
0,0
0,0
0,0
0,0
0,0
0,0
0,0
0,0
0,0
0,0
0,0
0,0
0,0
0,0
0,0
0,0
0,0
0,0
0,0
0,0
0,0
0,0
0,0
0,0
0,0
0,0
0,0
0,0
0,0
0,0
0,0
0,0
0,0
0,0
0,0
0,0
0,0
0,0
0,0
0,0
0,0
0,0
0,0
0,0
0,0
0,0
0,0
0,0
0,0
0,0
0,0
0,0
0,0
0,0
0,0
0,0
0,0
0,0
0,0
0,0
0,0
0,0
0,0
0,0
0,0
0,0
0,0
0,0
0,0
0,0
0,0
0,0
0.189349124762139,0.189349124762139
0.189349124762139,0.189349124762139
0.189349124762139,0.189349124762139
0.189349124762139,0.189349124762139
0.189349124762139,0.189349124762139
0.189315418248017,0.189315418248017
0.189315418248017,0.189315418248017
0.189315418248017,0.189315418248017
0.189315418248017,0.189315418248017
0.189315418248017,0.189315418248017
0.189315418248017,0.189315418248017
0.189315418248017,0.189315418248017
0.189315418248017,0.189315418248017
0.189315418248017,0.189315418248017
0.189315418248017,0.189315418248017
0.189281774329303,0.189281774329303
0.189281774329303,0.189281774329303
0.189281774329303,0.189281774329303
0.189281774329303,0.189281774329303
0.189281774329303,0.189281774329303
0.189281774329303,0.189281774329303
0.189281774329303,0.189281774329303
0.189281774329303,0.189281774329303
0.189281774329303,0.189281774329303
0.189281774329303,0.189281774329303
0.189248161321732,0.189248161321732
0.189248161321732,0.189248161321732
0.189248161321732,0.189248161321732
0.189248161321732,0.189248161321732
0.189248161321732,0.189248161321732
0.189248161321732,0.189248161321732
0.189248161321732,0.189248161321732
0.189248161321732,0.189248161321732
0.189248161321732,0.189248161321732
0.189248161321732,0.189248161321732
0.189214563200557,0.189214563200557
0.189214563200557,0.189214563200557
0.189214563200557,0.189214563200557
0.189214563200557,0.189214563200557
0.189214563200557,0.189214563200557
0.189214563200557,0.189214563200557
0.189214563200557,0.189214563200557
0.189214563200557,0.189214563200557
0.189214563200557,0.189214563200557
0.189214563200557,0.189214563200557
0.189180972904325,0.189180972904325
0.189180972904325,0.189180972904325
0.189180972904325,0.189180972904325
0.189180972904325,0.189180972904325
0.189180972904325,0.189180972904325
0.189180972904325,0.189180972904325
0.189180972904325,0.189180972904325
0.189180972904325,0.189180972904325
0.189180972904325,0.189180972904325
0.189180972904325,0.189180972904325
0.18914738753625,0.18914738753625
0.18914738753625,0.18914738753625
0.18914738753625,0.18914738753625
0.18914738753625,0.18914738753625
0.18914738753625,0.18914738753625
0.18914738753625,0.18914738753625
0.18914738753625,0.18914738753625
0.18914738753625,0.18914738753625
0.18914738753625,0.18914738753625
0.18914738753625,0.18914738753625
0.189113805993313,0.189113805993313
0.189113805993313,0.189113805993313
0.189113805993313,0.189113805993313
0.189113805993313,0.189113805993313
0.189113805993313,0.189113805993313
0.189113805993313,0.189113805993313
0.189113805993313,0.189113805993313
0.189113805993313,0.189113805993313
0.189113805993313,0.189113805993313
0.189113805993313,0.189113805993313
0.189080227917545,0.189080227917545
0.189080227917545,0.189080227917545
0.189080227917545,0.189080227917545
0.189080227917545,0.189080227917545
0.189080227917545,0.189080227917545
0.189080227917545,0.189080227917545
0.189080227917545,0.189080227917545
0.189080227917545,0.189080227917545
0.189080227917545,0.189080227917545
0.189080227917545,0.189080227917545
0.189046653252756,0.189046653252756
0.189046653252756,0.189046653252756
0.189046653252756,0.189046653252756
0.189046653252756,0.189046653252756
0.189046653252756,0.189046653252756
0.189046653252756,0.189046653252756
0.189046653252756,0.189046653252756
0.189046653252756,0.189046653252756
0.189046653252756,0.189046653252756
0.189046653252756,0.189046653252756
0.189013081377173,0.189013081377173
0.189013081377173,0.189013081377173
0.189013081377173,0.189013081377173
0.189013081377173,0.189013081377173
0.189013081377173,0.189013081377173
0.1528246368167,0.1528246368167
0.152824148608934,0.152824148608934
0.152824148608934,0.152824148608934
0.152823660402088,0.152823660402088
0.152823660402088,0.152823660402088
0.152823172196206,0.152823172196206
0.152823172196206,0.152823172196206
0.152821428207364,0.152821428207364
0.152819684230435,0.152819684230435
0.152819684230435,0.152819684230435
0.15281794026584,0.15281794026584
0.15281794026584,0.15281794026584
0.152814136387556,0.152814136387556
0.152814136387556,0.152814136387556
0.152810332566566,0.152810332566566
0.152810332566566,0.152810332566566
0.152806528804341,0.152806528804341
0.152789279736027,0.152789279736027
0.152789279736027,0.152789279736027
0.152772031830745,0.152772031830745
0.152772031830745,0.152772031830745
0.152754785131648,0.152754785131648
0.152754785131648,0.152754785131648
0.152714509153879,0.152714509153879
0.152674239205367,0.152674239205367
0.152674239205367,0.152674239205367
0.152633975704889,0.152633975704889
0.152633975704889,0.152633975704889
0.152593718801901,0.152593718801901
0.152593718801901,0.152593718801901
0.15252036306558,0.15252036306558
0.152447029402693,0.152447029402693
0.152447029402693,0.152447029402693
0.152373717792527,0.152373717792527
0.152373717792527,0.152373717792527
0.152300428213061,0.152300428213061
0.152300428213061,0.152300428213061
0.152227160665863,0.152227160665863
0.152227160665863,0.152227160665863
0.152117780118816,0.152117780118816
0.152008448766235,0.152008448766235
0.152008448766235,0.152008448766235
0.151899166630799,0.151899166630799
0.151899166630799,0.151899166630799
0.151789933732083,0.151789933732083
0.151789933732083,0.151789933732083
0.151680750089308,0.151680750089308
0.151547508886053,0.151547508886053
0.151547508886053,0.151547508886053
0.15141434117555,0.15141434117555
0.15141434117555,0.15141434117555
0.151281246994038,0.151281246994038
0.151281246994038,0.151281246994038
0.151265929720499,0.151265929720499
0.15126509748008,0.15126509748008
0.15126509748008,0.15126509748008
0.151264265242385,0.151264265242385
0.151264265242385,0.151264265242385
0.151263433007546,0.151263433007546
0.151263433007546,0.151263433007546
0.151255111012113,0.151255111012113
0.151246789290727,0.151246789290727
0.151246789290727,0.151246789290727
0.151238467855048,0.151238467855048
0.151238467855048,0.151238467855048
0.151164714627214,0.151164714627214
0.151164714627214,0.151164714627214
0.151090983483199,0.151090983483199
0.151090983483199,0.151090983483199
0.151017274813582,0.151017274813582
0.15094358875841,0.15094358875841
0.15094358875841,0.15094358875841
0.150748009298182,0.150748009298182
0.150748009298182,0.150748009298182
0.150552589810558,0.150552589810558
0.150552589810558,0.150552589810558
0.150357330357754,0.150357330357754
0.15016223095653,0.15016223095653
0.15016223095653,0.15016223095653
0.149967291692108,0.149967291692108
0.149967291692108,0.149967291692108
0.149677532976867,0.149677532976867
0.149677532976867,0.149677532976867
0.149388129451277,0.149388129451277
0.149099081482601,0.149099081482601
0.149099081482601,0.149099081482601
0.148810389424402,0.148810389424402
0.148810389424402,0.148810389424402
0.148522053624553,0.148522053624553
0.148522053624553,0.148522053624553
0.148069975690142,0.148069975690142
0.148069975690142,0.148069975690142
0.147618778294826,0.147618778294826
0.147168462950922,0.147168462950922
0.147168462950922,0.147168462950922
0.146719030969325,0.146719030969325
0.146719030969325,0.146719030969325
0.146165531425814,0.146165531425814
0.146165531425814,0.146165531425814
0.145682318553145,0.145682318553145
0,0
0,0
0,0
0,0
0,0
0,0
0,0
0,0
0,0
0,0
0,0
0,0
0,0
0,0
0,0
0,0
0,0
0,0
0,0
0,0
0,0
0,0
0,0
0,0
0,0
0,0
0,0
0,0
0,0
0,0
0,0
0,0
0,0
0,0
0,0
0,0
0,0
0,0
0,0
0,0
0,0
0,0
0,0
0,0
0,0
0,0
0,0
0,0
0,0
0,0
0,0
0,0
0,0
0,0
0,0
0,0
0,0
0,0
0,0
0,0
0,0
0,0
0,0
0,0
0,0
0,0
0,0
0,0
0,0
0,0
0,0
0,0
0,0
0,0
0,0
0,0
0,0
0,0
0,0
0,0
0,0
0,0
0,0
0,0
0,0
0,0
0,0
0,0
0,0
0,0
0,0
0,0
0,0
0,0
0,0
0,0
0,0
0,0
0,0
0,0
0,0
0,0
0,0
0,0
0,0
0,0
0,0
0,0
0,0
0,0
0,0
0,0
0,0
0,0
0,0
0,0
0,0
0,0
0,0
0,0
0,0
0,0
0,0
0,0
0,0
0,0
0,0
0,0
0,0
0,0
0,0
0,0
0,0
0,0
0,0
0,0
0,0
0,0
0,0
0,0
0,0
0,0
0,0
0,0
0,0
0,0
0,0
0,0
0,0
0,0
0,0
0,0
0,0
0,0
0,0
0,0
0,0
0,0
0,0
0,0
0,0
0,0
0,0
0,0
0,0
0,0
0,0
0,0
0,0
0,0
0,0
0,0
0,0
0,0
0,0
0,0
0,0
0,0
0,0
0,0
0,0
0,0
0,0
0,0
0,0
0,0
0,0
0,0
0,0
0,0
0,0
0,0
0,0
0,0
0,0
0,0
0,0
0,0
0,0
0,0
0,0
0,0
0,0
0,0
0,0
0,0
0,0
0,0
0,0
0,0
0,0
0,0
0,0
0,0
0,0
0,0
0,0
0,0
0,0
0,0
0,0
0,0
0,0
0,0
0,0
0,0
0,0
0,0
0,0
0,0
0,0
0,0
0,0
0,0
0,0
0,0
0,0
0,0
0,0
0,0
0,0
0,0
0,0
0,0
0,0
0,0
0,0
0,0
0,0
0,0
0,0
0,0
0,0
0,0
0,0
0,0
0,0
0,0
0,0
0,0
0,0
0,0
0,0
0,0
0,0
0,0
0,0
0,0
0,0
0,0
0,0
0,0
0,0
0,0
0,0
0,0
0,0
0,0
0,0
0,0
0,0
0,0
0,0
0,0
0,0
0,0
0,0
0,0
0,0
0,0
0,0
0,0
0,0
0,0
0,0
0,0
0,0
0,0
0,0
0,0
0.0736138582444851,0.0736138582444851
0.0736138582444851,0.0736138582444851
0.0736138582444851,0.0736138582444851
0.0736138582444851,0.0736138582444851
0.0736138582444851,0.0736138582444851
0.0736006748264456,0.0736006748264456
0.0736006748264456,0.0736006748264456
0.0736006748264456,0.0736006748264456
0.0736006748264456,0.0736006748264456
0.0736006748264456,0.0736006748264456
0.0736006748264456,0.0736006748264456
0.0736006748264456,0.0736006748264456
0.0736006748264456,0.0736006748264456
0.0736006748264456,0.0736006748264456
0.0736006748264456,0.0736006748264456
0.0735875486642934,0.0735875486642934
0.0735875486642934,0.0735875486642934
0.0735875486642934,0.0735875486642934
0.0735875486642934,0.0735875486642934
0.0735875486642934,0.0735875486642934
0.0735875486642934,0.0735875486642934
0.0735875486642934,0.0735875486642934
0.0735875486642934,0.0735875486642934
0.0735875486642934,0.0735875486642934
0.0735875486642934,0.0735875486642934
0.0735744497715702,0.0735744497715702
0.0735744497715702,0.0735744497715702
0.0735744497715702,0.0735744497715702
0.0735744497715702,0.0735744497715702
0.0735744497715702,0.0735744497715702
0.0735744497715702,0.0735744497715702
0.0735744497715702,0.0735744497715702
0.0735744497715702,0.0735744497715702
0.0735744497715702,0.0735744497715702
0.0735744497715702,0.0735744497715702
0.0735613629553441,0.0735613629553441
0.0735613629553441,0.0735613629553441
0.0735613629553441,0.0735613629553441
0.0735613629553441,0.0735613629553441
0.0735613629553441,0.0735613629553441
0.0735613629553441,0.0735613629553441
0.0735613629553441,0.0735613629553441
0.0735613629553441,0.0735613629553441
0.0735613629553441,0.0735613629553441
0.0735613629553441,0.0735613629553441
0.0735482814822436,0.0735482814822436
0.0735482814822436,0.0735482814822436
0.0735482814822436,0.0735482814822436
0.0735482814822436,0.0735482814822436
0.0735482814822436,0.0735482814822436
0.0735482814822436,0.0735482814822436
0.0735482814822436,0.0735482814822436
0.0735482814822436,0.0735482814822436
0.0735482814822436,0.0735482814822436
0.0735482814822436,0.0735482814822436
0.0735352025509061,0.0735352025509061
0.0735352025509061,0.0735352025509061
0.0735352025509061,0.0735352025509061
0.0735352025509061,0.0735352025509061
0.0735352025509061,0.0735352025509061
0.0735352025509061,0.0735352025509061
0.0735352025509061,0.0735352025509061
0.0735352025509061,0.0735352025509061
0.0735352025509061,0.0735352025509061
0.0735352025509061,0.0735352025509061
0.0735221250555851,0.0735221250555851
0.0735221250555851,0.0735221250555851
0.0735221250555851,0.0735221250555851
0.0735221250555851,0.0735221250555851
0.0735221250555851,0.0735221250555851
0.0735221250555851,0.0735221250555851
0.0735221250555851,0.0735221250555851
0.0735221250555851,0.0735221250555851
0.0735221250555851,0.0735221250555851
0.0735221250555851,0.0735221250555851
0.0735090485968208,0.0735090485968208
0.0735090485968208,0.0735090485968208
0.0735090485968208,0.0735090485968208
0.0735090485968208,0.0735090485968208
0.0735090485968208,0.0735090485968208
0.0735090485968208,0.0735090485968208
0.0735090485968208,0.0735090485968208
0.0735090485968208,0.0735090485968208
0.0735090485968208,0.0735090485968208
0.0735090485968208,0.0735090485968208
0.0734959730631625,0.0734959730631625
0.0734959730631625,0.0734959730631625
0.0734959730631625,0.0734959730631625
0.0734959730631625,0.0734959730631625
0.0734959730631625,0.0734959730631625
0.0734959730631625,0.0734959730631625
0.0734959730631625,0.0734959730631625
0.0734959730631625,0.0734959730631625
0.0734959730631625,0.0734959730631625
0.0734959730631625,0.0734959730631625
0.0734828984580706,0.0734828984580706
0.0734828984580706,0.0734828984580706
0.0734828984580706,0.0734828984580706
0.0734828984580706,0.0734828984580706
0.0734828984580706,0.0734828984580706
0.0594138627192884,0.0594138627192884
0.0594136216817437,0.0594136216817437
0.0594136216817437,0.0594136216817437
0.0594133806450341,0.0594133806450341
0.0594133806450341,0.0594133806450341
0.0594131396091817,0.0594131396091817
0.0594131396091817,0.0594131396091817
0.0594121184353219,0.0594121184353219
0.0594121184353219,0.0594121184353219
0.0594110972765592,0.0594110972765592
0.0594110972765592,0.0594110972765592
0.0594100761332032,0.0594100761332032
0.0594100761332032,0.0594100761332032
0.0594075355662244,0.0594075355662244
0.0594075355662244,0.0594075355662244
0.059404995093186,0.059404995093186
0.059404995093186,0.059404995093186
0.0594024547155902,0.0594024547155902
0.0594024547155902,0.0594024547155902
0.0593910548354144,0.0593910548354144
0.0593796568360199,0.0593796568360199
0.0593796568360199,0.0593796568360199
0.0593682607567992,0.0593682607567992
0.0593682607567992,0.0593682607567992
0.0593425056428817,0.0593425056428817
0.0593425056428817,0.0593425056428817
0.0593167598505768,0.0593167598505768
0.0593167598505768,0.0593167598505768
0.0592910237457873,0.0592910237457873
0.0592910237457873,0.0592910237457873
0.0592652974568804,0.0592652974568804
0.0592652974568804,0.0592652974568804
0.0592148757695887,0.0592148757695887
0.0592148757695887,0.0592148757695887
0.0591644919562608,0.0591644919562608
0.0591644919562608,0.0591644919562608
0.0591141459696946,0.0591141459696946
0.0591141459696946,0.0591141459696946
0.0590638377578372,0.0590638377578372
0.0590638377578372,0.0590638377578372
0.0590135672948158,0.0590135672948158
0.0589406008066785,0.0589406008066785
0.0589406008066785,0.0589406008066785
0.0588677139127286,0.0588677139127286
0.0588677139127286,0.0588677139127286
0.0587949065551272,0.0587949065551272
0.0587949065551272,0.0587949065551272
0.0587221786725307,0.0587221786725307
0.0587221786725307,0.0587221786725307
0.0586495302033776,0.0586495302033776
0.0586495302033776,0.0586495302033776
0.0585394830801426,0.0585394830801426
0.0585394830801426,0.0585394830801426
0.0584296183284823,0.0584296183284823
0.0584296183284823,0.0584296183284823
0.0583199357370027,0.0583199357370027
0.0583199357370027,0.0583199357370027
0.058255328515864,0.058255328515864
0.058255328515864,0.058255328515864
0.0582550348120949,0.0582550348120949
0.0582547411095939,0.0582547411095939
0.0582547411095939,0.0582547411095939
0.0582544474083951,0.0582544474083951
0.0582544474083951,0.0582544474083951
0.0582515105195557,0.0582515105195557
0.0582515105195557,0.0582515105195557
0.0582485737579246,0.0582485737579246
0.0582485737579246,0.0582485737579246
0.0582456371265612,0.0582456371265612
0.0582456371265612,0.0582456371265612
0.0582162831219373,0.0582162831219373
0.0582162831219373,0.0582162831219373
0.0581869418290436,0.0581869418290436
0.0581869418290436,0.0581869418290436
0.05815761355014,0.05815761355014
0.05815761355014,0.05815761355014
0.0580449477980213,0.0580449477980213
0.0580449477980213,0.0580449477980213
0.0579324689926284,0.0579324689926284
0.0579324689926284,0.0579324689926284
0.057820181191466,0.057820181191466
0.0577080856731792,0.0577080856731792
0.0577080856731792,0.0577080856731792
0.0575411639319972,0.0575411639319972
0.0575411639319972,0.0575411639319972
0.0573746700719292,0.0573746700719292
0.0573746700719292,0.0573746700719292
0.0572086030985704,0.0572086030985704
0.0572086030985704,0.0572086030985704
0.0570429620853367,0.0570429620853367
0.0570429620853367,0.0570429620853367
0.0568777462474785,0.0568777462474785
0.0568777462474785,0.0568777462474785
0.0566567275360295,0.0566567275360295
0.0566567275360295,0.0566567275360295
0.0564364711367858,0.0564364711367858
0.0564364711367858,0.0564364711367858
0.0562169751770524,0.0562169751770524
0.0562169751770524,0.0562169751770524
0.0560324210831466,0.0560324210831466
0,0
0,0
0,0
0,0
0,0
0,0
0,0
0,0
0,0
0,0
0,0
0,0
0,0
0,0
0,0
0,0
0,0
0,0
0,0
0,0
0,0
0,0
0,0
0,0
0,0
0,0
0,0
0,0
0,0
0,0
0,0
0,0
0,0
0,0
0,0
0,0
0,0
0,0
0,0
0,0
0,0
0,0
0,0
0,0
0,0
0,0
0,0
0,0
0,0
0,0
0,0
0,0
0,0
0,0
0,0
0,0
0,0
0,0
0,0
0,0
0,0
0,0
0,0
0,0
0,0
0,0
0,0
0,0
0,0
0,0
0,0
0,0
0,0
0,0
0,0
0,0
0,0
0,0
0,0
0,0
0,0
0,0
0,0
0,0
0,0
0,0
0,0
0,0
0,0
0,0
0,0
0,0
0,0
0,0
0,0
0,0
0,0
0,0
0,0
0,0
0,0
0,0
0,0
0,0
0,0
0,0
0,0
0,0
0,0
0,0
0,0
0,0
0,0
0,0
0,0
0,0
0,0
0,0
0,0
0,0
0,0
0,0
0,0
0,0
0,0
0,0
0,0
0,0
0,0
0,0
0,0
0,0
0,0
0,0
0,0
0,0
0,0
0,0
0,0
0,0
0,0
0,0
0,0
0,0
0,0
0,0
0,0
0,0
0,0
0,0
0,0
0,0
0,0
0,0
0,0
0,0
0,0
0,0
0,0
0,0
0,0
0,0
0,0
0,0
0,0
0,0
0,0
0,0
0,0
0,0
0,0
0,0
0,0
0,0
0,0
0,0
0,0
0,0
0,0
0,0
0,0
0,0
0,0
0,0
0,0
0,0
0,0
0,0
0,0
0,0
0,0
0,0
0,0
0,0
0,0
0,0
0,0
0,0
0,0
0,0
